userName,conditionId,testId,titer,userResult
AA5ZDXAA2DLY1,0,0,0.50,0
AA5ZDXAA2DLY1,0,1,0.75,1
AA5ZDXAA2DLY1,0,2,0.65,1
AA5ZDXAA2DLY1,0,3,0.55,1
AA5ZDXAA2DLY1,0,5,0.35,0
AA5ZDXAA2DLY1,0,4,0.45,1
AA5ZDXAA2DLY1,0,6,0.65,1
AA5ZDXAA2DLY1,0,7,0.55,1
AA5ZDXAA2DLY1,0,8,0.45,1
AA5ZDXAA2DLY1,0,9,0.35,0
AA5ZDXAA2DLY1,0,10,0.65,1
AA5ZDXAA2DLY1,0,11,0.55,0
AA5ZDXAA2DLY1,0,12,0.75,0
AA5ZDXAA2DLY1,0,13,0.75,0
AA5ZDXAA2DLY1,0,14,0.75,0
AA5ZDXAA2DLY1,0,15,0.75,1
AA5ZDXAA2DLY1,0,16,0.65,0
AA5ZDXAA2DLY1,0,17,0.75,1
AA5ZDXAA2DLY1,0,18,0.65,1
AA5ZDXAA2DLY1,0,19,0.55,0
AA5ZDXAA2DLY1,1,1,0.75,1
AA5ZDXAA2DLY1,1,0,0.50,0
AA5ZDXAA2DLY1,1,2,0.65,0
AA5ZDXAA2DLY1,1,4,0.65,1
AA5ZDXAA2DLY1,1,3,0.75,1
AA5ZDXAA2DLY1,1,5,0.55,1
AA5ZDXAA2DLY1,1,7,0.75,1
AA5ZDXAA2DLY1,1,8,0.65,0
AA5ZDXAA2DLY1,1,6,0.45,0
AA5ZDXAA2DLY1,1,9,0.75,1
AA5ZDXAA2DLY1,1,11,0.75,1
AA5ZDXAA2DLY1,1,12,0.65,1
AA5ZDXAA2DLY1,1,13,0.55,0
AA5ZDXAA2DLY1,1,10,0.65,0
AA5ZDXAA2DLY1,1,14,0.75,1
AA5ZDXAA2DLY1,1,16,0.75,1
AA5ZDXAA2DLY1,1,17,0.65,1
AA5ZDXAA2DLY1,1,15,0.65,0
AA5ZDXAA2DLY1,1,18,0.55,1
AA5ZDXAA2DLY1,1,19,0.45,1
AA5ZDXAA2DLY1,2,1,0.40,1
AA5ZDXAA2DLY1,2,2,0.30,0
AA5ZDXAA2DLY1,2,0,0.50,1
AA5ZDXAA2DLY1,2,3,0.60,1
AA5ZDXAA2DLY1,2,4,0.50,1
AA5ZDXAA2DLY1,2,6,0.30,0
AA5ZDXAA2DLY1,2,5,0.40,1
AA5ZDXAA2DLY1,2,7,0.60,0
AA5ZDXAA2DLY1,2,9,0.65,0
AA5ZDXAA2DLY1,2,10,0.75,1
AA5ZDXAA2DLY1,2,8,0.75,1
AA5ZDXAA2DLY1,2,11,0.65,1
AA5ZDXAA2DLY1,2,13,0.45,1
AA5ZDXAA2DLY1,2,14,0.35,1
AA5ZDXAA2DLY1,2,12,0.55,1
AA5ZDXAA2DLY1,2,15,0.25,1
AA5ZDXAA2DLY1,2,16,0.15,0
AA5ZDXAA2DLY1,2,18,0.35,1
AA5ZDXAA2DLY1,2,19,0.25,0
AA5ZDXAA2DLY1,2,17,0.45,1
AA5ZDXAA2DLY1,3,0,0.50,1
AA5ZDXAA2DLY1,3,2,0.30,1
AA5ZDXAA2DLY1,3,1,0.40,1
AA5ZDXAA2DLY1,3,4,0.10,0
AA5ZDXAA2DLY1,3,5,0.40,0
AA5ZDXAA2DLY1,3,6,0.70,1
AA5ZDXAA2DLY1,3,7,0.60,0
AA5ZDXAA2DLY1,3,8,0.75,0
AA5ZDXAA2DLY1,3,9,0.75,1
AA5ZDXAA2DLY1,3,10,0.65,1
AA5ZDXAA2DLY1,3,11,0.55,1
AA5ZDXAA2DLY1,3,12,0.45,0
AA5ZDXAA2DLY1,3,13,0.75,1
AA5ZDXAA2DLY1,3,14,0.65,1
AA5ZDXAA2DLY1,3,15,0.55,0
AA5ZDXAA2DLY1,3,16,0.75,1
AA5ZDXAA2DLY1,3,17,0.65,1
AA5ZDXAA2DLY1,3,18,0.55,1
AA5ZDXAA2DLY1,3,19,0.45,1
AA5ZDXAA2DLY1,3,3,0.20,1
AA5ZDXAA2DLY1,4,0,0.50,0
AA5ZDXAA2DLY1,4,2,0.65,1
AA5ZDXAA2DLY1,4,3,0.55,1
AA5ZDXAA2DLY1,4,4,0.45,0
AA5ZDXAA2DLY1,4,1,0.75,1
AA5ZDXAA2DLY1,4,5,0.75,0
AA5ZDXAA2DLY1,4,6,0.75,0
AA5ZDXAA2DLY1,4,8,0.65,1
AA5ZDXAA2DLY1,4,7,0.75,1
AA5ZDXAA2DLY1,4,9,0.55,1
AA5ZDXAA2DLY1,4,10,0.45,1
AA5ZDXAA2DLY1,4,11,0.35,0
AA5ZDXAA2DLY1,4,12,0.65,0
AA5ZDXAA2DLY1,4,13,0.75,1
AA5ZDXAA2DLY1,4,14,0.65,1
AA5ZDXAA2DLY1,4,15,0.55,0
AA5ZDXAA2DLY1,4,16,0.75,1
AA5ZDXAA2DLY1,4,17,0.65,1
AA5ZDXAA2DLY1,4,18,0.55,0
AA5ZDXAA2DLY1,5,0,0.50,0
AA5ZDXAA2DLY1,5,1,0.75,1
AA5ZDXAA2DLY1,5,2,0.65,1
AA5ZDXAA2DLY1,4,19,0.75,1
AA5ZDXAA2DLY1,5,3,0.55,1
AA5ZDXAA2DLY1,5,4,0.45,1
AA5ZDXAA2DLY1,5,6,0.65,1
AA5ZDXAA2DLY1,5,5,0.35,0
AA5ZDXAA2DLY1,5,7,0.55,1
AA5ZDXAA2DLY1,5,8,0.45,1
AA5ZDXAA2DLY1,5,9,0.35,0
AA5ZDXAA2DLY1,5,10,0.65,1
AA5ZDXAA2DLY1,5,11,0.55,1
AA5ZDXAA2DLY1,5,12,0.45,1
AA5ZDXAA2DLY1,5,13,0.35,0
AA5ZDXAA2DLY1,5,14,0.65,0
AA5ZDXAA2DLY1,5,15,0.75,1
AA5ZDXAA2DLY1,5,16,0.65,1
AA5ZDXAA2DLY1,5,17,0.55,1
AA5ZDXAA2DLY1,5,18,0.45,1
AA5ZDXAA2DLY1,5,19,0.35,1
