userName,conditionId,testId,titer,userResult
A1FS8SBR4SDWYG,0,1,0.40,0
A1FS8SBR4SDWYG,0,2,0.70,0
A1FS8SBR4SDWYG,0,0,0.50,1
A1FS8SBR4SDWYG,0,3,0.75,1
A1FS8SBR4SDWYG,0,4,0.65,1
A1FS8SBR4SDWYG,0,5,0.55,1
A1FS8SBR4SDWYG,0,6,0.45,0
A1FS8SBR4SDWYG,0,7,0.75,1
A1FS8SBR4SDWYG,0,8,0.65,1
A1FS8SBR4SDWYG,0,9,0.55,0
A1FS8SBR4SDWYG,0,10,0.75,0
A1FS8SBR4SDWYG,0,11,0.75,1
A1FS8SBR4SDWYG,0,12,0.65,0
A1FS8SBR4SDWYG,0,13,0.75,0
A1FS8SBR4SDWYG,0,14,0.75,1
A1FS8SBR4SDWYG,0,15,0.65,0
A1FS8SBR4SDWYG,0,16,0.75,1
A1FS8SBR4SDWYG,0,17,0.65,1
A1FS8SBR4SDWYG,0,18,0.55,1
A1FS8SBR4SDWYG,0,19,0.45,0
A1FS8SBR4SDWYG,1,0,0.50,0
A1FS8SBR4SDWYG,1,1,0.75,1
A1FS8SBR4SDWYG,1,2,0.65,0
A1FS8SBR4SDWYG,1,3,0.75,1
A1FS8SBR4SDWYG,1,4,0.65,0
A1FS8SBR4SDWYG,1,5,0.75,0
A1FS8SBR4SDWYG,1,6,0.75,0
A1FS8SBR4SDWYG,1,7,0.75,1
A1FS8SBR4SDWYG,1,8,0.65,1
A1FS8SBR4SDWYG,1,9,0.55,1
A1FS8SBR4SDWYG,1,10,0.45,1
A1FS8SBR4SDWYG,1,11,0.35,0
A1FS8SBR4SDWYG,1,12,0.65,1
A1FS8SBR4SDWYG,1,13,0.55,0
A1FS8SBR4SDWYG,1,14,0.75,1
A1FS8SBR4SDWYG,1,15,0.65,0
A1FS8SBR4SDWYG,1,16,0.75,1
A1FS8SBR4SDWYG,1,17,0.65,1
A1FS8SBR4SDWYG,1,18,0.55,1
A1FS8SBR4SDWYG,1,19,0.45,0
A1FS8SBR4SDWYG,2,0,0.50,1
A1FS8SBR4SDWYG,2,1,0.40,1
A1FS8SBR4SDWYG,2,2,0.30,1
A1FS8SBR4SDWYG,2,3,0.20,0
A1FS8SBR4SDWYG,2,4,0.50,1
A1FS8SBR4SDWYG,2,5,0.40,1
A1FS8SBR4SDWYG,2,6,0.30,1
A1FS8SBR4SDWYG,2,7,0.20,0
A1FS8SBR4SDWYG,2,8,0.50,1
A1FS8SBR4SDWYG,2,9,0.40,1
A1FS8SBR4SDWYG,2,10,0.30,0
A1FS8SBR4SDWYG,2,11,0.60,1
A1FS8SBR4SDWYG,2,12,0.50,1
A1FS8SBR4SDWYG,2,13,0.40,1
A1FS8SBR4SDWYG,2,14,0.30,1
A1FS8SBR4SDWYG,2,15,0.20,1
A1FS8SBR4SDWYG,2,16,0.10,1
A1FS8SBR4SDWYG,2,17,0.10,1
A1FS8SBR4SDWYG,2,18,0.10,1
A1FS8SBR4SDWYG,2,19,0.10,1
A1FS8SBR4SDWYG,3,0,0.50,1
A1FS8SBR4SDWYG,3,1,0.40,1
A1FS8SBR4SDWYG,3,2,0.30,1
A1FS8SBR4SDWYG,3,3,0.20,1
A1FS8SBR4SDWYG,3,4,0.10,0
A1FS8SBR4SDWYG,3,5,0.40,1
A1FS8SBR4SDWYG,3,6,0.30,1
A1FS8SBR4SDWYG,3,7,0.20,1
A1FS8SBR4SDWYG,3,8,0.10,1
A1FS8SBR4SDWYG,3,9,0.10,1
A1FS8SBR4SDWYG,3,10,0.10,1
A1FS8SBR4SDWYG,3,11,0.10,1
A1FS8SBR4SDWYG,3,12,0.10,1
A1FS8SBR4SDWYG,3,13,0.10,1
A1FS8SBR4SDWYG,3,14,0.10,1
A1FS8SBR4SDWYG,3,15,0.10,1
A1FS8SBR4SDWYG,3,16,0.10,1
A1FS8SBR4SDWYG,3,17,0.10,1
A1FS8SBR4SDWYG,3,18,0.10,1
A1FS8SBR4SDWYG,3,19,0.10,1
A1FS8SBR4SDWYG,4,0,0.50,1
A1FS8SBR4SDWYG,4,1,0.40,1
A1FS8SBR4SDWYG,4,2,0.30,1
A1FS8SBR4SDWYG,4,3,0.20,0
A1FS8SBR4SDWYG,4,4,0.50,1
A1FS8SBR4SDWYG,4,5,0.40,0
A1FS8SBR4SDWYG,4,6,0.70,1
A1FS8SBR4SDWYG,4,7,0.60,0
A1FS8SBR4SDWYG,4,8,0.75,1
A1FS8SBR4SDWYG,4,9,0.65,1
A1FS8SBR4SDWYG,4,10,0.55,1
A1FS8SBR4SDWYG,4,11,0.45,0
A1FS8SBR4SDWYG,4,12,0.75,0
A1FS8SBR4SDWYG,4,13,0.75,0
A1FS8SBR4SDWYG,4,14,0.75,1
A1FS8SBR4SDWYG,4,15,0.65,1
A1FS8SBR4SDWYG,4,16,0.55,0
A1FS8SBR4SDWYG,4,17,0.75,1
A1FS8SBR4SDWYG,4,18,0.65,1
A1FS8SBR4SDWYG,4,19,0.55,1
A1FS8SBR4SDWYG,5,0,0.50,1
A1FS8SBR4SDWYG,5,1,0.40,1
A1FS8SBR4SDWYG,5,2,0.30,1
A1FS8SBR4SDWYG,5,3,0.20,1
A1FS8SBR4SDWYG,5,4,0.10,1
A1FS8SBR4SDWYG,5,5,0.10,1
A1FS8SBR4SDWYG,5,6,0.10,1
A1FS8SBR4SDWYG,5,7,0.10,1
A1FS8SBR4SDWYG,5,8,0.10,1
A1FS8SBR4SDWYG,5,9,0.10,1
A1FS8SBR4SDWYG,5,10,0.10,1
A1FS8SBR4SDWYG,5,11,0.10,1
A1FS8SBR4SDWYG,5,12,0.10,1
A1FS8SBR4SDWYG,5,13,0.10,1
A1FS8SBR4SDWYG,5,14,0.10,1
A1FS8SBR4SDWYG,5,15,0.10,1
A1FS8SBR4SDWYG,5,16,0.10,1
A1FS8SBR4SDWYG,5,17,0.10,1
A1FS8SBR4SDWYG,5,18,0.10,1
A1FS8SBR4SDWYG,5,19,0.10,1
