Market Health Index,Year over Year,Delinquency,Days On Market,State,平均值 Days On Market
,,,292,NJ,292
,,,214,NJ,214
,,,187,NJ,187
,,,182,NJ,182
,,,179,NJ,179
,,,175,NJ,175
,,,173.5,NJ,173.5
,,,173,NJ,173
,,,169,NJ,169
,,,168.5,NJ,168.5
,,,167.5,NJ,167.5
,,,167,NJ,167
,,,164,NJ,164
,,,163,NJ,163
,,,161,NJ,161
,,,160,NJ,160
,,,158,NJ,158
,,,156.5,NJ,156.5
,,,156,NJ,156
,,,154.5,NJ,154.5
,,,154,NJ,154
,,,153.5,NJ,153.5
,,,153,NJ,153
,,,152.5,NJ,152.5
,,,151,NJ,151
,,,150.5,NJ,150.5
,,,149,NJ,149
,,,148,NJ,148
,,,147,NJ,147
,,,146.5,NJ,146.5
,,,145.5,NJ,145.5
,,,145,NJ,145
,,,144,NJ,144
,,,143,NJ,143
,,,142.5,NJ,142.5
,,,142,NJ,142
,,,141,NJ,141
,,,139,NJ,139
,,,138.5,NJ,138.5
,,,138,NJ,138
,,,137,NJ,137
,,,134,NJ,134
,,,133,NJ,133
,,,132.5,NJ,132.5
,,,132,NJ,132
,,,131,NJ,131
,,,129,NJ,129
,,,128,NJ,128
,,,127,NJ,127
,,,125,NJ,125
,,,123,NJ,123
,,,121,NJ,121
,,,103,NJ,103
,,,221,NY,221
,,,200.5,NY,200.5
,,,190.5,NY,190.5
,,,188,NY,188
,,,187,NY,187
,,,176,NY,176
,,,174.5,NY,174.5
,,,173.5,NY,173.5
,,,172,NY,172
,,,171,NY,171
,,,169,NY,169
,,,166,NY,166
,,,157,NY,157
,,,154,NY,154
,,,148,NY,148
,,,146,NY,146
,,,145,NY,145
,,,136,NY,136
,,,125,NY,125
,,,111.5,NY,111.5
,,,111,NY,111
,,,109,NY,109
,,,107,NY,107
,,,106,NY,106
,,,105,NY,105
,,,102,NY,102
,,,96,NY,96
,,,93.5,NY,93.5
,,,93,NY,93
,,,85,NY,85
,,,204,MD,204
,,,181,MD,181
,,,178,MD,178
,,,170.5,MD,170.5
,,,168.5,MD,168.5
,,,167,MD,167
,,,164.5,MD,164.5
,,,164,MD,164
,,,158,MD,158
,,,156,MD,156
,,,155,MD,155
,,,153,MD,153
,,,147,MD,147
,,,145.5,MD,145.5
,,,145,MD,145
,,,144.5,MD,144.5
,,,141,MD,141
,,,137,MD,137
,,,136,MD,136
,,,135,MD,135
,,,134,MD,134
,,,133,MD,133
,,,132,MD,132
,,,131,MD,131
,,,129,MD,129
,,,128,MD,128
,,,124,MD,124
,,,123,MD,123
,,,122,MD,122
,,,121,MD,121
,,,119,MD,119
,,,118,MD,118
,,,117.5,MD,117.5
,,,117,MD,117
,,,116.5,MD,116.5
,,,116,MD,116
,,,115,MD,115
,,,113,MD,113
,,,112,MD,112
,,,111.5,MD,111.5
,,,111,MD,111
,,,110,MD,110
,,,108.5,MD,108.5
,,,108,MD,108
,,,107.5,MD,107.5
,,,106,MD,106
,,,104.5,MD,104.5
,,,104,MD,104
,,,103.5,MD,103.5
,,,100.5,MD,100.5
,,,100,MD,100
,,,99,MD,99
,,,92,MD,92
,,,89,MD,89
,,,86,MD,86
,,,80,MD,80
,,,136.5,DE,136.5
,,,123,DE,123
,,,177,CT,177
,,,157,CT,157
,,,143,CT,143
,,,140,CT,140
,,,137,CT,137
,,,132,CT,132
,,,129,CT,129
,,,124,CT,124
,,,123,CT,123
,,,122.5,CT,122.5
,,,119.5,CT,119.5
,,,117.5,CT,117.5
,,,115,CT,115
,,,111,CT,111
,,,110,CT,110
,,,109,CT,109
,,,103,CT,103
,,,97,CT,97
,,,144,AL,144
,,,136,AL,136
,,,133,AL,133
,,,132,AL,132
,,,127.5,AL,127.5
,,,123.5,AL,123.5
,,,121,AL,121
,,,120,AL,120
,,,118.5,AL,118.5
,,,111,AL,111
,,,110,AL,110
,,,109,AL,109
,,,107.5,AL,107.5
,,,107,AL,107
,,,105.5,AL,105.5
,,,105,AL,105
,,,101,AL,101
,,,90,AL,90
,,,176,SC,176
,,,167,SC,167
,,,159.5,SC,159.5
,,,154,SC,154
,,,150.5,SC,150.5
,,,138,SC,138
,,,131.5,SC,131.5
,,,124.5,SC,124.5
,,,124,SC,124
,,,122.5,SC,122.5
,,,121,SC,121
,,,119,SC,119
,,,115.5,SC,115.5
,,,115,SC,115
,,,114,SC,114
,,,109,SC,109
,,,105.5,SC,105.5
,,,102,SC,102
,,,101,SC,101
,,,100,SC,100
,,,99.5,SC,99.5
,,,96,SC,96
,,,95,SC,95
,,,92.5,SC,92.5
,,,89,SC,89
,,,84,SC,84
,,,163,PA,163
,,,153,PA,153
,,,150,PA,150
,,,148,PA,148
,,,144.5,PA,144.5
,,,144,PA,144
,,,142,PA,142
,,,131,PA,131
,,,129.5,PA,129.5
,,,129,PA,129
,,,127,PA,127
,,,125,PA,125
,,,124.5,PA,124.5
,,,123,PA,123
,,,122.5,PA,122.5
,,,122,PA,122
,,,120,PA,120
,,,119.5,PA,119.5
,,,118.5,PA,118.5
,,,118,PA,118
,,,117,PA,117
,,,115.5,PA,115.5
,,,115,PA,115
,,,112.5,PA,112.5
,,,112,PA,112
,,,111.5,PA,111.5
,,,111,PA,111
,,,110,PA,110
,,,109,PA,109
,,,106.5,PA,106.5
,,,105,PA,105
,,,104.5,PA,104.5
,,,102,PA,102
,,,99.5,PA,99.5
,,,98,PA,98
,,,97,PA,97
,,,96.5,PA,96.5
,,,93,PA,93
,,,92.5,PA,92.5
,,,91,PA,91
,,,90,PA,90
,,,86,PA,86
,,,85,PA,85
,,,176,RI,176
,,,171,RI,171
,,,140,RI,140
,,,115,RI,115
,,,112.5,RI,112.5
,,,112,RI,112
,,,111,RI,111
,,,104,RI,104
,,,99.5,RI,99.5
,,,98,RI,98
,,,96,RI,96
,,,94,RI,94
,,,93,RI,93
,,,87,RI,87
,,,137,WV,137
,,,84.5,WV,84.5
,,0.109589041,292,NJ,292
,,0.254632864,214,NJ,214
,,0.122159091,187,NJ,187
,,0.188837209,182,NJ,182
,,0.129179331,179,NJ,179
,,0.089552239,175,NJ,175
,,0.138515781,173.5,NJ,173.5
,,0.143107244,173,NJ,173
,,0.150121065,169,NJ,169
,,0.132122213,169,NJ,169
,,0.208047105,168.5,NJ,168.5
,,0.278195489,167.5,NJ,167.5
,,0.274397245,167,NJ,167
,,0.127413127,167,NJ,167
,,0.122807018,164,NJ,164
,,0.333333333,163,NJ,163
,,0.157248157,163,NJ,163
,,0.129770992,163,NJ,163
,,0.117606228,163,NJ,163
,,0.168016679,161,NJ,161
,,0.128930818,160,NJ,160
,,0.10996119,158,NJ,158
,,0.141818182,156.5,NJ,156.5
,,0.239085239,156,NJ,156
,,0.170068027,156,NJ,156
,,0.142857143,156,NJ,156
,,0.128980892,156,NJ,156
,,0.111111111,156,NJ,156
,,0.101449275,156,NJ,156
,,0.082379863,156,NJ,156
,,0.147018031,154.5,NJ,154.5
,,0.114864865,154.5,NJ,154.5
,,0.104201681,154,NJ,154
,,0.100286533,153.5,NJ,153.5
,,0.170412492,153,NJ,153
,,0.169341894,152.5,NJ,152.5
,,0.121671519,152.5,NJ,152.5
,,0.103896104,151,NJ,151
,,0.188228762,150.5,NJ,150.5
,,0.072593801,150.5,NJ,150.5
,,0.181019332,149,NJ,149
,,0.166172107,149,NJ,149
,,0.155228758,149,NJ,149
,,0.153846154,149,NJ,149
,,0.134268537,149,NJ,149
,,0.121559633,149,NJ,149
,,0.11747851,149,NJ,149
,,0.100977199,149,NJ,149
,,0.099173554,149,NJ,149
,,0.094240838,149,NJ,149
,,0.093406593,149,NJ,149
,,0.08490566,149,NJ,149
,,0.072289157,149,NJ,149
,,0.072022161,149,NJ,149
,,0.152905199,148,NJ,148
,,0.103030303,148,NJ,148
,,0.134560907,147,NJ,147
,,0.176553672,146.5,NJ,146.5
,,0.105084746,145.5,NJ,145.5
,,0.161664034,145,NJ,145
,,0.102739726,145,NJ,145
,,0.1625,144,NJ,144
,,0.084583902,144,NJ,144
,,0.098501743,143,NJ,143
,,0.124643557,142.5,NJ,142.5
,,0.178921569,142,NJ,142
,,0.213254057,141,NJ,141
,,0.130974866,141,NJ,141
,,0.124899853,141,NJ,141
,,0.105809129,141,NJ,141
,,0.094713656,141,NJ,141
,,0.219487336,139,NJ,139
,,0.192783505,139,NJ,139
,,0.066666667,139,NJ,139
,,0.046979866,139,NJ,139
,,0.105902778,138.5,NJ,138.5
,,0.115653041,138,NJ,138
,,0.166120219,137,NJ,137
,,0.130027847,134,NJ,134
,,0.097902098,134,NJ,134
,,0.130563798,133,NJ,133
,,0.127745847,133,NJ,133
,,0.063157895,132.5,NJ,132.5
,,0.079090993,132,NJ,132
,,0.098113208,131,NJ,131
,,0.083459788,129,NJ,129
,,0.070413437,128,NJ,128
,,0.14321608,127,NJ,127
,,0.114084507,125,NJ,125
,,0.111913357,125,NJ,125
,,0.109677419,123,NJ,123
,,0.034653465,121,NJ,121
,,0.119375437,103,NJ,103
,,0.314199396,221,NY,221
,,0.315789474,200.5,NY,200.5
,,0.119834711,190.5,NY,190.5
,,0.095975232,188,NY,188
,,0.130590502,187,NY,187
,,0.121349904,176,NY,176
,,0.096,174.5,NY,174.5
,,0.151982379,173.5,NY,173.5
,,0.078651685,172,NY,172
,,0.21875,171,NY,171
,,0.115306122,169,NY,169
,,0.130830268,166,NY,166
,,0.176339286,157,NY,157
,,0.138014528,157,NY,157
,,0.204110423,154,NY,154
,,0.046999645,148,NY,148
,,0.089974293,146,NY,146
,,0.080961322,145,NY,145
,,0.073509015,136,NY,136
,,0.087962963,125,NY,125
,,0.050359712,125,NY,125
,,0.041380397,111.5,NY,111.5
,,0.095383341,111,NY,111
,,0.028225806,109,NY,109
,,0.088767748,107,NY,107
,,0.067342822,106,NY,106
,,0.0896796,105,NY,105
,,0.08994709,102,NY,102
,,0.042372881,102,NY,102
,,0.031269896,96,NY,96
,,0.036619718,93.5,NY,93.5
,,0.065087637,93,NY,93
,,0.018518519,93,NY,93
,,0.032894737,85,NY,85
,,0.05015674,204,MD,204
,,0.052941176,181,MD,181
,,0.05987055,178,MD,178
,,0.056872038,178,MD,178
,,0.052930005,178,MD,178
,,0.083725306,170.5,MD,170.5
,,0.053899846,168.5,MD,168.5
,,0.070422535,167,MD,167
,,0.05065666,164.5,MD,164.5
,,0.054421769,164,MD,164
,,0.047393365,164,MD,164
,,0.040816327,164,MD,164
,,0.053492193,158,MD,158
,,0.033482143,156,MD,156
,,0.037195452,155,MD,155
,,0.048442907,153,MD,153
,,0.083511777,147,MD,147
,,0.079439252,145.5,MD,145.5
,,0.076923077,145.5,MD,145.5
,,0.044303797,145.5,MD,145.5
,,0.077895694,145,MD,145
,,0.03538175,144.5,MD,144.5
,,0.049261084,141,MD,141
,,0.052230686,137,MD,137
,,0.063348416,136,MD,136
,,0.053760009,136,MD,136
,,0.068965517,135,MD,135
,,0.049019608,134,MD,134
,,0.04093414,133,MD,133
,,0.040584416,133,MD,133
,,0.101960784,132,MD,132
,,0.049586777,132,MD,132
,,0.037753746,131,MD,131
,,0.060712708,129,MD,129
,,0.094043887,128,MD,128
,,0.077777778,128,MD,128
,,0.053061224,128,MD,128
,,0.047823507,124,MD,124
,,0.038461538,123,MD,123
,,0.05975522,122,MD,122
,,0.078050452,121,MD,121
,,0.063157895,119,MD,119
,,0.061285207,118,MD,118
,,0.046137069,118,MD,118
,,0.03649635,117.5,MD,117.5
,,0.067516879,117,MD,117
,,0.073634204,116.5,MD,116.5
,,0.048338369,116.5,MD,116.5
,,0.043478261,116.5,MD,116.5
,,0.020080321,116.5,MD,116.5
,,0.074819815,116,MD,116
,,0.05669145,115,MD,115
,,0.017751479,113,MD,113
,,0.056952024,112,MD,112
,,0.085840059,111.5,MD,111.5
,,0.017990404,111,MD,111
,,0.011990408,111,MD,111
,,0.032142857,110,MD,110
,,0.039090909,108.5,MD,108.5
,,0.058823529,108,MD,108
,,0.031807781,108,MD,108
,,0.05,107.5,MD,107.5
,,0.035800024,106,MD,106
,,0.047478118,104.5,MD,104.5
,,0.054171181,104,MD,104
,,0.0548335,103.5,MD,103.5
,,0.062983425,100.5,MD,100.5
,,0.075426945,100,MD,100
,,0.071574488,99,MD,99
,,0.015428158,99,MD,99
,,0.05738476,92,MD,92
,,0.04428698,89,MD,89
,,0.038135593,86,MD,86
,,0.011998796,80,MD,80
,,0.105162524,136.5,DE,136.5
,,0.086852014,123,DE,123
,,0.045918367,177,CT,177
,,0.059931507,157,CT,157
,,0.052197802,143,CT,143
,,0.078263215,140,CT,140
,,0.085422248,137,CT,137
,,0.094651138,132,CT,132
,,0.069346187,129,CT,129
,,0.059354839,124,CT,124
,,0.053939864,123,CT,123
,,0.042128603,122.5,CT,122.5
,,0.0646741,119.5,CT,119.5
,,0.06503722,117.5,CT,117.5
,,0.051859612,115,CT,115
,,0.067755318,111,CT,111
,,0.06899949,110,CT,110
,,0.093106205,109,CT,109
,,0.034078807,103,CT,103
,,0.025287655,103,CT,103
,,0.068318318,97,CT,97
,,0.041484716,144,AL,144
,,0.023210832,144,AL,144
,,0,136,AL,136
,,0.026610049,133,AL,133
,,0.029673591,132,AL,132
,,0.026490066,132,AL,132
,,0.029490617,127.5,AL,127.5
,,0.024048772,123.5,AL,123.5
,,0.053435115,121,AL,121
,,0.049726215,121,AL,121
,,0.039592186,121,AL,121
,,0.038216561,121,AL,121
,,0.018018018,121,AL,121
,,0.077562327,120,AL,120
,,0.070881226,120,AL,120
,,0.06456044,120,AL,120
,,0.060941828,120,AL,120
,,0.052750194,120,AL,120
,,0.044642857,120,AL,120
,,0.029069767,120,AL,120
,,0.025974026,120,AL,120
,,0.025906736,120,AL,120
,,0.019607843,120,AL,120
,,0.008517893,120,AL,120
,,0.014912867,118.5,AL,118.5
,,0.054758869,111,AL,111
,,0.070325901,110,AL,110
,,0.036649215,109,AL,109
,,0.014187732,107.5,AL,107.5
,,0.051597052,107,AL,107
,,0.024043564,105.5,AL,105.5
,,0.022785856,105,AL,105
,,0.016483516,101,AL,101
,,0.034666667,90,AL,90
,,0.05841038,176,SC,176
,,0.045685279,167,SC,167
,,0.042708726,159.5,SC,159.5
,,0.029633304,154,SC,154
,,0.043269231,150.5,SC,150.5
,,0.062329615,138,SC,138
,,0.036431052,131.5,SC,131.5
,,0.083815029,124.5,SC,124.5
,,0.015584416,124.5,SC,124.5
,,0.090909091,124,SC,124
,,0.059278351,122.5,SC,122.5
,,0.047003877,121,SC,121
,,0.103896104,119,SC,119
,,0.04516129,119,SC,119
,,0.034883721,119,SC,119
,,0.054054054,115.5,SC,115.5
,,0.046666667,115.5,SC,115.5
,,0,115.5,SC,115.5
,,0.068235294,115,SC,115
,,0.091368437,114,SC,114
,,0.066350711,114,SC,114
,,0.048157122,114,SC,114
,,0.028901734,114,SC,114
,,0.06071964,109,SC,109
,,0.03934795,109,SC,109
,,0.033793334,105.5,SC,105.5
,,0.042680128,102,SC,102
,,0.029271757,101,SC,101
,,0.039393939,100,SC,100
,,0.058133858,99.5,SC,99.5
,,0.046103561,96,SC,96
,,0.02092517,96,SC,96
,,0.063948841,95,SC,95
,,0.051229508,92.5,SC,92.5
,,0.025711996,89,SC,89
,,0.055421687,84,SC,84
,,0.049919385,163,PA,163
,,0.07134561,153,PA,153
,,0.06621721,153,PA,153
,,0.083333333,150,PA,150
,,0.071005917,148,PA,148
,,0.048780488,148,PA,148
,,0.018001115,148,PA,148
,,0.010752688,144.5,PA,144.5
,,0.055724288,144,PA,144
,,0.044554455,142,PA,142
,,0.065770863,131,PA,131
,,0.032332564,129.5,PA,129.5
,,0.030317306,129,PA,129
,,0.035978785,127,PA,127
,,0.053333333,125,PA,125
,,0.031390135,125,PA,125
,,0.019900498,124.5,PA,124.5
,,0.051250933,123,PA,123
,,0.051282051,122.5,PA,122.5
,,0.040707965,122.5,PA,122.5
,,0.030444965,122.5,PA,122.5
,,0.0234375,122.5,PA,122.5
,,0.07568438,122,PA,122
,,0.097222222,120,PA,120
,,0.067126356,120,PA,120
,,0.061103527,119.5,PA,119.5
,,0.0412738,118.5,PA,118.5
,,0.080178174,118,PA,118
,,0.081045752,117,PA,117
,,0.038768315,117,PA,117
,,0.030232558,117,PA,117
,,0.038548753,115.5,PA,115.5
,,0.036231884,115.5,PA,115.5
,,0.02716302,115,PA,115
,,0.034810127,112.5,PA,112.5
,,0.043076923,112,PA,112
,,0.033506578,112,PA,112
,,0.029411765,112,PA,112
,,0.031558185,111.5,PA,111.5
,,0.07540395,111,PA,111
,,0.067620406,111,PA,111
,,0.04950495,111,PA,111
,,0.023687307,111,PA,111
,,0.018867925,111,PA,111
,,0.089690236,110,PA,110
,,0.079545455,110,PA,110
,,0.076142132,110,PA,110
,,0.058282209,110,PA,110
,,0.051895102,110,PA,110
,,0.048387097,110,PA,110
,,0.034596376,110,PA,110
,,0.068592058,109,PA,109
,,0.039473684,109,PA,109
,,0.028939108,106.5,PA,106.5
,,0.042345277,105,PA,105
,,0.068669528,104.5,PA,104.5
,,0.06797235,102,PA,102
,,0.025127225,99.5,PA,99.5
,,0.047975628,98,PA,98
,,0.046511628,98,PA,98
,,0.041841004,98,PA,98
,,0.050314465,97,PA,97
,,0.045725646,97,PA,97
,,0.023732988,96.5,PA,96.5
,,0.023898082,93,PA,93
,,0.037748379,92.5,PA,92.5
,,0.012105602,92.5,PA,92.5
,,0.03155006,91,PA,91
,,0,91,PA,91
,,0.008130081,90,PA,90
,,0.021806854,86,PA,86
,,0.044827586,85,PA,85
,,0.037878788,176,RI,176
,,0.069651741,171,RI,171
,,0.063591022,140,RI,140
,,0.035661611,115,RI,115
,,0.054644809,112.5,RI,112.5
,,0.078369561,112,RI,112
,,0.074500151,111,RI,111
,,0.082051282,104,RI,104
,,0.059340138,104,RI,104
,,0.046369117,104,RI,104
,,0.059550562,99.5,RI,99.5
,,0.056089776,98,RI,98
,,0.044973545,96,RI,96
,,0.048439182,94,RI,94
,,0.056402973,93,RI,93
,,0.057755305,87,RI,87
,,0.011796854,137,WV,137
,,0.041884817,84.5,WV,84.5
0.443929564,,,292,NJ,292
0.014828545,,,214,NJ,214
1.027803522,,,187,NJ,187
0.40407785,,,182,NJ,182
1.099165894,,,179,NJ,179
5.1278962,,,175,NJ,175
3.388322521,,,173.5,NJ,173.5
0.494902688,,,173,NJ,173
1.913809082,,,169,NJ,169
0.257645968,,,169,NJ,169
1.106580167,,,168.5,NJ,168.5
0.006487488,,,167.5,NJ,167.5
0.481000927,,,167,NJ,167
0.017608897,,,167,NJ,167
7.109360519,,,164,NJ,164
6.508804449,,,163,NJ,163
6.431881372,,,163,NJ,163
1.131603336,,,163,NJ,163
0.666357739,,,163,NJ,163
0.317886932,,,161,NJ,161
2.195551437,,,160,NJ,160
5.067655236,,,158,NJ,158
1.287303058,,,156.5,NJ,156.5
3.72381835,,,156,NJ,156
3.036144578,,,156,NJ,156
3.035217794,,,156,NJ,156
2.950880445,,,156,NJ,156
2.02502317,,,156,NJ,156
1.398517146,,,156,NJ,156
0.913809082,,,156,NJ,156
5.772937905,,,154.5,NJ,154.5
1.139017609,,,154.5,NJ,154.5
3.925857275,,,154,NJ,154
6.141797961,,,153.5,NJ,153.5
0.544022243,,,153,NJ,153
4.868396664,,,152.5,NJ,152.5
0.455050973,,,152.5,NJ,152.5
5.996292864,,,151,NJ,151
5.100092678,,,150.5,NJ,150.5
1.468952734,,,150.5,NJ,150.5
5.551436515,,,149,NJ,149
5.253938832,,,149,NJ,149
4.535681186,,,149,NJ,149
4.528266914,,,149,NJ,149
3.934198332,,,149,NJ,149
3.93141798,,,149,NJ,149
3.795180723,,,149,NJ,149
3.718257646,,,149,NJ,149
3.427247451,,,149,NJ,149
2.372567192,,,149,NJ,149
2.211306766,,,149,NJ,149
1.928637627,,,149,NJ,149
1.772011121,,,149,NJ,149
0.850787766,,,149,NJ,149
4.227988879,,,148,NJ,148
0.422613531,,,148,NJ,148
0.185356812,,,147,NJ,147
0.063021316,,,146.5,NJ,146.5
6.473586654,,,145.5,NJ,145.5
5.185356812,,,145,NJ,145
0.015755329,,,145,NJ,145
5.225208526,,,144,NJ,144
0.085264133,,,144,NJ,144
5.271547729,,,143,NJ,143
3.990732159,,,142.5,NJ,142.5
2.083410565,,,142,NJ,142
4.797034291,,,141,NJ,141
0.84708063,,,141,NJ,141
0.821130677,,,141,NJ,141
0.584800741,,,141,NJ,141
0.304911956,,,141,NJ,141
8.585727525,,,139,NJ,139
6.567191844,,,139,NJ,139
0.550509731,,,139,NJ,139
0.448563485,,,139,NJ,139
6.575532901,,,138.5,NJ,138.5
1.58665431,,,138,NJ,138
1.523632994,,,137,NJ,137
7.051899907,,,134,NJ,134
1.68952734,,,134,NJ,134
3.491195551,,,133,NJ,133
2.050973123,,,133,NJ,133
7.711770158,,,132.5,NJ,132.5
6.135310473,,,132,NJ,132
3.736793327,,,131,NJ,131
0.936978684,,,129,NJ,129
3.907321594,,,128,NJ,128
1.65060241,,,127,NJ,127
3.608897127,,,125,NJ,125
1.836886006,,,125,NJ,125
0.690454124,,,123,NJ,123
9.607043559,,,121,NJ,121
0.53197405,,,103,NJ,103
1.017608897,,,221,NY,221
1.649675626,,,200.5,NY,200.5
0.637627433,,,190.5,NY,190.5
1.916589435,,,188,NY,188
7.437442076,,,187,NY,187
0.376274328,,,176,NY,176
9.516218721,,,174.5,NY,174.5
5.803521779,,,173.5,NY,173.5
7.278035218,,,172,NY,172
4.2557924,,,171,NY,171
0.02502317,,,169,NY,169
9.526413346,,,166,NY,166
8.469879518,,,157,NY,157
6.055607044,,,157,NY,157
5.874884152,,,154,NY,154
2.84244671,,,148,NY,148
0.336422614,,,146,NY,146
0.41334569,,,145,NY,145
0.481927711,,,136,NY,136
4.224281742,,,125,NY,125
0.516218721,,,125,NY,125
3.955514365,,,111.5,NY,111.5
4.065801668,,,111,NY,111
7.37905468,,,109,NY,109
1.462465246,,,107,NY,107
3.519925857,,,106,NY,106
2.436515292,,,105,NY,105
6.742354032,,,102,NY,102
4.220574606,,,102,NY,102
8.341983318,,,96,NY,96
6.22613531,,,93.5,NY,93.5
8.023169601,,,93,NY,93
5.78313253,,,93,NY,93
7.39944393,,,85,NY,85
2.760889713,,,204,MD,204
0.554216867,,,181,MD,181
2.198331789,,,178,MD,178
1.156626506,,,178,MD,178
0.83781279,,,178,MD,178
0.028730306,,,170.5,MD,170.5
0.094531974,,,168.5,MD,168.5
0.56163114,,,167,MD,167
0.218721038,,,164.5,MD,164.5
2.045412419,,,164,MD,164
1.798887859,,,164,MD,164
1.341983318,,,164,MD,164
0.500463392,,,158,MD,158
0.709916589,,,156,MD,156
1,,,155,MD,155
1.415199259,,,153,MD,153
0.089898054,,,147,MD,147
0.662650602,,,145.5,MD,145.5
0.414272475,,,145.5,MD,145.5
0.170528267,,,145.5,MD,145.5
0.244670992,,,145,MD,145
4.3197405,,,144.5,MD,144.5
0.379981464,,,141,MD,141
0.3197405,,,137,MD,137
1.046339203,,,136,MD,136
0.512511585,,,136,MD,136
1.3197405,,,135,MD,135
0.445783133,,,134,MD,134
0.381835032,,,133,MD,133
0.31047266,,,133,MD,133
2.027803522,,,132,MD,132
0.299351251,,,132,MD,132
3.475440222,,,131,MD,131
0.9360519,,,129,MD,129
0.796107507,,,128,MD,128
0.372567192,,,128,MD,128
0.263206673,,,128,MD,128
0.902687674,,,124,MD,124
2.058387396,,,123,MD,123
0.046339203,,,122,MD,122
0.657089898,,,121,MD,121
3.597775718,,,119,MD,119
0.624652456,,,118,MD,118
0.138090825,,,118,MD,118
2.839666358,,,117.5,MD,117.5
0.160333642,,,117,MD,117
4.066728452,,,116.5,MD,116.5
1.037998146,,,116.5,MD,116.5
1.026876738,,,116.5,MD,116.5
0.28544949,,,116.5,MD,116.5
1.308619092,,,116,MD,116
0.887859129,,,115,MD,115
7.407784986,,,113,MD,113
0.405931418,,,112,MD,112
0.16218721,,,111.5,MD,111.5
4.468952734,,,111,MD,111
2,,,111,MD,111
3.328081557,,,110,MD,110
1.907321594,,,108.5,MD,108.5
5.691380908,,,108,MD,108
0.49768304,,,108,MD,108
3.741427247,,,107.5,MD,107.5
2.088044486,,,106,MD,106
1.873030584,,,104.5,MD,104.5
0.198331789,,,104,MD,104
1.101946247,,,103.5,MD,103.5
1.864689527,,,100.5,MD,100.5
0.468952734,,,100,MD,100
4.270620945,,,99,MD,99
0.668211307,,,99,MD,99
0.183503244,,,92,MD,92
0.816496756,,,89,MD,89
5.220574606,,,86,MD,86
7.103799815,,,80,MD,80
1.389249305,,,136.5,DE,136.5
0.884151993,,,123,DE,123
2.770157553,,,177,CT,177
1.420759963,,,157,CT,157
3.647822057,,,143,CT,143
0.832252085,,,140,CT,140
0.406858202,,,137,CT,137
0.503243744,,,132,CT,132
5.104726599,,,129,CT,129
7.208526413,,,124,CT,124
1.922150139,,,123,CT,123
2.017608897,,,122.5,CT,122.5
4.232622799,,,119.5,CT,119.5
0.353104727,,,117.5,CT,117.5
0.725671918,,,115,CT,115
0.729379055,,,111,CT,111
1.275254866,,,110,CT,110
2.324374421,,,109,CT,109
3.831325301,,,103,CT,103
3.610750695,,,103,CT,103
1.272474513,,,97,CT,97
6.439295644,,,144,AL,144
1.018535681,,,144,AL,144
9.415199259,,,136,AL,136
3.273401297,,,133,AL,133
2.77386469,,,132,AL,132
2.577386469,,,132,AL,132
2.81742354,,,127.5,AL,127.5
3.661723818,,,123.5,AL,123.5
6.947173309,,,121,AL,121
4.470806302,,,121,AL,121
3.189990732,,,121,AL,121
2.584800741,,,121,AL,121
1.559777572,,,121,AL,121
8.953660797,,,120,AL,120
8.596848934,,,120,AL,120
2.955514365,,,120,AL,120
2.885078777,,,120,AL,120
2.823911029,,,120,AL,120
1.884151993,,,120,AL,120
1.500463392,,,120,AL,120
1.34939759,,,120,AL,120
1.021316033,,,120,AL,120
0.518999073,,,120,AL,120
0.180722892,,,120,AL,120
6.578313253,,,118.5,AL,118.5
0.638554217,,,111,AL,111
0.6802595,,,110,AL,110
1.658016682,,,109,AL,109
5.792400371,,,107.5,AL,107.5
1.818350324,,,107,AL,107
3.405931418,,,105.5,AL,105.5
3.716404078,,,105,AL,105
3.944392956,,,101,AL,101
3.397590361,,,90,AL,90
2.443929564,,,176,SC,176
3.43373494,,,167,SC,167
3.010194625,,,159.5,SC,159.5
6.27618165,,,154,SC,154
1.11862836,,,150.5,SC,150.5
3.870250232,,,138,SC,138
2.40407785,,,131.5,SC,131.5
7.911955514,,,124.5,SC,124.5
0.578313253,,,124.5,SC,124.5
0.367006487,,,124,SC,124
5.230769231,,,122.5,SC,122.5
2.430954588,,,121,SC,121
6.767377201,,,119,SC,119
4.570898981,,,119,SC,119
4.268767377,,,119,SC,119
9.186283596,,,115.5,SC,115.5
6.031510658,,,115.5,SC,115.5
5.819277108,,,115.5,SC,115.5
5.080630213,,,115,SC,115
5.948100093,,,114,SC,114
4.383688601,,,114,SC,114
4.183503244,,,114,SC,114
3.705282669,,,114,SC,114
3.293790547,,,109,SC,109
2.076923077,,,109,SC,109
4.908248378,,,105.5,SC,105.5
6.541241891,,,102,SC,102
7.353104727,,,101,SC,101
4.34939759,,,100,SC,100
5.054680259,,,99.5,SC,99.5
8.786839666,,,96,SC,96
2.795180723,,,96,SC,96
2.094531974,,,95,SC,95
2.860982391,,,92.5,SC,92.5
8.03892493,,,89,SC,89
2.889712697,,,84,SC,84
0.521779425,,,163,PA,163
1.520852641,,,153,PA,153
0.126042632,,,153,PA,153
1.227062095,,,150,PA,150
4.544022243,,,148,PA,148
0.979610751,,,148,PA,148
0.208526413,,,148,PA,148
5.256719184,,,144.5,PA,144.5
0.232622799,,,144,PA,144
1.177015755,,,142,PA,142
0.168674699,,,131,PA,131
2.113994439,,,129.5,PA,129.5
5.568118628,,,129,PA,129
3.378127896,,,127,PA,127
6.258572753,,,125,PA,125
2.465245598,,,125,PA,125
6.980537535,,,124.5,PA,124.5
2.590361446,,,123,PA,123
8.166821131,,,122.5,PA,122.5
3.101019462,,,122.5,PA,122.5
2.106580167,,,122.5,PA,122.5
1.550509731,,,122.5,PA,122.5
0.122335496,,,122,PA,122
1.142724745,,,120,PA,120
0.440222428,,,120,PA,120
2.272474513,,,119.5,PA,119.5
2.112140871,,,118.5,PA,118.5
0.997219648,,,118,PA,118
3.493975904,,,117,PA,117
1.514365153,,,117,PA,117
1.050973123,,,117,PA,117
5.431881372,,,115.5,PA,115.5
5.379981464,,,115.5,PA,115.5
8.967562558,,,115,PA,115
6.720111214,,,112.5,PA,112.5
5.59592215,,,112,PA,112
4.549582947,,,112,PA,112
3.788693234,,,112,PA,112
5.143651529,,,111.5,PA,111.5
7.899907322,,,111,PA,111
2.234476367,,,111,PA,111
1.997219648,,,111,PA,111
1.494902688,,,111,PA,111
0.898980538,,,111,PA,111
3.228915663,,,110,PA,110
2.922150139,,,110,PA,110
2.762743281,,,110,PA,110
1.820203892,,,110,PA,110
1.619091752,,,110,PA,110
1.467099166,,,110,PA,110
0.397590361,,,110,PA,110
5.22613531,,,109,PA,109
0.044485635,,,109,PA,109
7.957367933,,,106.5,PA,106.5
5.548656163,,,105,PA,105
1.469879518,,,104.5,PA,104.5
0.963855422,,,102,PA,102
5.512511585,,,99.5,PA,99.5
7.612604263,,,98,PA,98
4.406858202,,,98,PA,98
1.254865616,,,98,PA,98
4.113994439,,,97,PA,97
3.511584801,,,97,PA,97
7.531047266,,,96.5,PA,96.5
6.573679333,,,93,PA,93
6.165894347,,,92.5,PA,92.5
5.179796108,,,92.5,PA,92.5
6.883225209,,,91,PA,91
4.516218721,,,91,PA,91
5.81278962,,,90,PA,90
2.551436515,,,86,PA,86
3.39944393,,,85,PA,85
4.486561631,,,176,RI,176
4.292863763,,,171,RI,171
0.784986098,,,140,RI,140
4.78313253,,,115,RI,115
2.482854495,,,112.5,RI,112.5
0.593141798,,,112,RI,112
2.002780352,,,111,RI,111
6.181649676,,,104,RI,104
5.114921223,,,104,RI,104
4.237256719,,,104,RI,104
2.949026877,,,99.5,RI,99.5
4.465245598,,,98,RI,98
5.541241891,,,96,RI,96
2.581093605,,,94,RI,94
5.089898054,,,93,RI,93
2.46339203,,,87,RI,87
7.444856348,,,137,WV,137
0.779425394,,,84.5,WV,84.5
,-4.058066645,,292,NJ,292
,-10.66974596,,214,NJ,214
,-6.277056277,,187,NJ,187
,-3.427065026,,182,NJ,182
,0.270688322,,179,NJ,179
,5.209003215,,175,NJ,175
,-0.214132762,,173.5,NJ,173.5
,-0.632511069,,173,NJ,173
,-1.353429714,,169,NJ,169
,-5.921052632,,169,NJ,169
,4.836759371,,168.5,NJ,168.5
,-13.03155007,,167.5,NJ,167.5
,-4.545454545,,167,NJ,167
,-8.84086444,,167,NJ,167
,5.979166667,,164,NJ,164
,10.96797939,,163,NJ,163
,4.133514458,,163,NJ,163
,1.406469761,,163,NJ,163
,-2.328201277,,163,NJ,163
,-7.964954202,,161,NJ,161
,2.360446571,,160,NJ,160
,2.928257687,,158,NJ,158
,2.59601707,,156.5,NJ,156.5
,4.863329783,,156,NJ,156
,3.902273498,,156,NJ,156
,2.700457,,156,NJ,156
,2.598566308,,156,NJ,156
,2.128623188,,156,NJ,156
,1.963093836,,156,NJ,156
,0.562796209,,156,NJ,156
,3.419654714,,154.5,NJ,154.5
,-2.314977201,,154.5,NJ,154.5
,1.302729529,,154,NJ,154
,6.557377049,,153.5,NJ,153.5
,-0.560652396,,153,NJ,153
,0.709639267,,152.5,NJ,152.5
,-0.88198236,,152.5,NJ,152.5
,4.685346808,,151,NJ,151
,1.587301587,,150.5,NJ,150.5
,0.425230333,,150.5,NJ,150.5
,3.671706263,,149,NJ,149
,3.668903803,,149,NJ,149
,2.845872077,,149,NJ,149
,2.458728486,,149,NJ,149
,1.698450536,,149,NJ,149
,0.709849157,,149,NJ,149
,0.598042769,,149,NJ,149
,0.460154779,,149,NJ,149
,-0.254403131,,149,NJ,149
,-0.949330893,,149,NJ,149
,-1.144310235,,149,NJ,149
,-1.305483029,,149,NJ,149
,-3.511572227,,149,NJ,149
,-4.548816568,,149,NJ,149
,1.760345893,,148,NJ,148
,0,,148,NJ,148
,-0.395778364,,147,NJ,147
,-1.336898396,,146.5,NJ,146.5
,3.359086329,,145.5,NJ,145.5
,0.698875722,,145,NJ,145
,-8.341658342,,145,NJ,145
,-0.289939113,,144,NJ,144
,-11.10468479,,144,NJ,144
,-0.964066608,,143,NJ,143
,-0.988520408,,142.5,NJ,142.5
,-0.993612491,,142,NJ,142
,1.539741989,,141,NJ,141
,1.008878128,,141,NJ,141
,0.96969697,,141,NJ,141
,0.040866367,,141,NJ,141
,-6.117308384,,141,NJ,141
,3.554201574,,139,NJ,139
,3.412073491,,139,NJ,139
,0.345508391,,139,NJ,139
,-2.209660843,,139,NJ,139
,0.577339427,,138.5,NJ,138.5
,-1.163692785,,138,NJ,138
,1.754385965,,137,NJ,137
,2.414045355,,134,NJ,134
,1.423487544,,134,NJ,134
,3.427004798,,133,NJ,133
,-6.111951589,,133,NJ,133
,3.642384106,,132.5,NJ,132.5
,-2.444673186,,132,NJ,132
,-0.09699321,,131,NJ,131
,-1.876513317,,129,NJ,129
,0.426540284,,128,NJ,128
,1.164144354,,127,NJ,127
,1.536952256,,125,NJ,125
,-1.23954137,,125,NJ,125
,-1.864280388,,123,NJ,123
,3.247232472,,121,NJ,121
,3.109882516,,103,NJ,103
,1.952983725,,221,NY,221
,-2.186633816,,200.5,NY,200.5
,0.060459492,,190.5,NY,190.5
,-2.396878484,,188,NY,188
,5.332615136,,187,NY,187
,1.295238095,,176,NY,176
,5.804347826,,174.5,NY,174.5
,0.279655092,,173.5,NY,173.5
,4.588309239,,172,NY,172
,3.297632469,,171,NY,171
,-1.203438395,,169,NY,169
,8.898002853,,166,NY,166
,6.863622799,,157,NY,157
,2.771141902,,157,NY,157
,5.289120307,,154,NY,154
,2.033036849,,148,NY,148
,-3.370786517,,146,NY,146
,-0.248756219,,145,NY,145
,-4.039167687,,136,NY,136
,0.823580407,,125,NY,125
,-1.153846154,,125,NY,125
,1.159644376,,111.5,NY,111.5
,1.236603462,,111,NY,111
,-1.41453831,,109,NY,109
,3.231017771,,107,NY,107
,1.258992806,,106,NY,106
,0.3003003,,105,NY,105
,1.289009498,,102,NY,102
,0.408719346,,102,NY,102
,2.690829215,,96,NY,96
,2.426035503,,93.5,NY,93.5
,2.217125382,,93,NY,93
,0.421686747,,93,NY,93
,3.739837398,,85,NY,85
,-0.765631646,,204,MD,204
,-6.018518519,,181,MD,181
,1.428571429,,178,MD,178
,-0.979706088,,178,MD,178
,-1.73599738,,178,MD,178
,-1.508515815,,170.5,MD,170.5
,-0.24291498,,168.5,MD,168.5
,0.249252243,,167,MD,167
,-1.090047393,,164.5,MD,164.5
,1.008760287,,164,MD,164
,0.035984167,,164,MD,164
,-0.35596237,,164,MD,164
,-2.364755426,,158,MD,158
,1.449275362,,156,MD,156
,-6.865284974,,155,MD,155
,2.517361111,,153,MD,153
,0.064977258,,147,MD,147
,0.367454068,,145.5,MD,145.5
,-1.647597254,,145.5,MD,145.5
,-17.66381766,,145.5,MD,145.5
,-0.556962025,,145,MD,145
,0.21310602,,144.5,MD,144.5
,1.759259259,,141,MD,141
,1.724688598,,137,MD,137
,2.308105207,,136,MD,136
,-0.621118012,,136,MD,136
,-0.057537399,,135,MD,135
,2.005347594,,134,MD,134
,-0.765381219,,133,MD,133
,-0.799224994,,133,MD,133
,8.763422238,,132,MD,132
,0.302877335,,132,MD,132
,0.583515682,,131,MD,131
,0.519480519,,129,MD,129
,-1.479289941,,128,MD,128
,-1.781059948,,128,MD,128
,-4.600141543,,128,MD,128
,-0.111773472,,124,MD,124
,0.557675374,,123,MD,123
,-1.009251472,,122,MD,122
,1.951672862,,121,MD,121
,1.633568225,,119,MD,119
,1.769911504,,118,MD,118
,-0.38869258,,118,MD,118
,2.171998826,,117.5,MD,117.5
,-4.070981211,,117,MD,117
,2.373417722,,116.5,MD,116.5
,1.67724388,,116.5,MD,116.5
,0.912075885,,116.5,MD,116.5
,0.224340998,,116.5,MD,116.5
,7.541785569,,116,MD,116
,0.642398287,,115,MD,115
,-1.647252618,,113,MD,113
,2.298387097,,112,MD,112
,-0.951315053,,111.5,MD,111.5
,-0.082372323,,111,MD,111
,-3.197461557,,111,MD,111
,1.056105611,,110,MD,110
,-0.362154821,,108.5,MD,108.5
,0.06576784,,108,MD,108
,-0.42042042,,108,MD,108
,3.5982009,,107.5,MD,107.5
,-0.52956752,,106,MD,106
,-1.226826609,,104.5,MD,104.5
,-2.843083652,,104,MD,104
,0.090964221,,103.5,MD,103.5
,4.694621696,,100.5,MD,100.5
,2.149681529,,100,MD,100
,1.721763085,,99,MD,99
,-1.085540599,,99,MD,99
,-1.651571657,,92,MD,92
,-0.937734434,,89,MD,89
,0.437572929,,86,MD,86
,-0.359311114,,80,MD,80
,3.169886082,,136.5,DE,136.5
,0.384615385,,123,DE,123
,-0.758602005,,177,CT,177
,0.226500566,,157,CT,157
,2.436988817,,143,CT,143
,-4.063492063,,140,CT,140
,0.210084034,,137,CT,137
,-2.826510721,,132,CT,132
,0.47758026,,129,CT,129
,4.627424294,,124,CT,124
,-3.306797306,,123,CT,123
,1.899757478,,122.5,CT,122.5
,0.131348511,,119.5,CT,119.5
,-5.47112462,,117.5,CT,117.5
,-0.234604106,,115,CT,115
,4.292343387,,111,CT,111
,1.682396389,,110,CT,110
,0.771604938,,109,CT,109
,-0.445103858,,103,CT,103
,-1.408934708,,103,CT,103
,-0.23880597,,97,CT,97
,4.897159647,,144,AL,144
,4.858490566,,144,AL,144
,7.646263757,,136,AL,136
,1.126126126,,133,AL,133
,4.981684982,,132,AL,132
,1.813685078,,132,AL,132
,3.558718861,,127.5,AL,127.5
,3.318152245,,123.5,AL,123.5
,9.090909091,,121,AL,121
,7.277882798,,121,AL,121
,7.064364207,,121,AL,121
,6.968641115,,121,AL,121
,3.430877901,,121,AL,121
,9.867674858,,120,AL,120
,8.823529412,,120,AL,120
,6.881903144,,120,AL,120
,6.483036614,,120,AL,120
,6.395348837,,120,AL,120
,6.375545852,,120,AL,120
,5.534779357,,120,AL,120
,5.275498242,,120,AL,120
,3.340292276,,120,AL,120
,2.600671141,,120,AL,120
,0.184501845,,120,AL,120
,2.473684211,,118.5,AL,118.5
,4.663212435,,111,AL,111
,0.702576112,,110,AL,110
,-3.790322581,,109,AL,109
,2.885006095,,107.5,AL,107.5
,7.609594706,,107,AL,107
,3.863522328,,105.5,AL,105.5
,2.839756592,,105,AL,105
,1.625526791,,101,AL,101
,2.972136223,,90,AL,90
,2.053789731,,176,SC,176
,0.479386385,,167,SC,167
,2.068965517,,159.5,SC,159.5
,5.378304467,,154,SC,154
,-9.970384995,,150.5,SC,150.5
,3.463687151,,138,SC,138
,2.300884956,,131.5,SC,131.5
,4.417177914,,124.5,SC,124.5
,3.850641774,,124.5,SC,124.5
,-5.452865065,,124,SC,124
,3.464203233,,122.5,SC,122.5
,1.297648013,,121,SC,121
,6.362378976,,119,SC,119
,5.344202899,,119,SC,119
,3.075489282,,119,SC,119
,9.423769508,,115.5,SC,115.5
,7.051909892,,115.5,SC,115.5
,6.745670009,,115.5,SC,115.5
,4.653061224,,115,SC,115
,17.81472684,,114,SC,114
,9.493670886,,114,SC,114
,8.658008658,,114,SC,114
,3.778040142,,114,SC,114
,2.921348315,,109,SC,109
,1.956673655,,109,SC,109
,3.652968037,,105.5,SC,105.5
,9.104704097,,102,SC,102
,7.770700637,,101,SC,101
,2.453653217,,100,SC,100
,6.611570248,,99.5,SC,99.5
,6.753390534,,96,SC,96
,5.154639175,,96,SC,96
,6.517168886,,95,SC,95
,0.058892815,,92.5,SC,92.5
,7.204116638,,89,SC,89
,3.576537911,,84,SC,84
,-2.682926829,,163,PA,163
,1.517450683,,153,PA,153
,-0.819318672,,153,PA,153
,2.436440678,,150,PA,150
,-1.892371378,,148,PA,148
,-3.159557662,,148,PA,148
,-5.930807249,,148,PA,148
,2.825455506,,144.5,PA,144.5
,-5.185185185,,144,PA,144
,2.83171521,,142,PA,142
,1.379310345,,131,PA,131
,-2.336448598,,129.5,PA,129.5
,4.515706806,,129,PA,129
,-0.522193211,,127,PA,127
,2.256498143,,125,PA,125
,-1.362510322,,125,PA,125
,1.587301587,,124.5,PA,124.5
,0.162271805,,123,PA,123
,4.243542435,,122.5,PA,122.5
,1.342281879,,122.5,PA,122.5
,0.293255132,,122.5,PA,122.5
,-1.854140915,,122.5,PA,122.5
,2.366863905,,122,PA,122
,3.295571576,,120,PA,120
,-2.610669694,,120,PA,120
,0.769769069,,119.5,PA,119.5
,1.302325581,,118.5,PA,118.5
,-1.389473684,,118,PA,118
,1.24003543,,117,PA,117
,-0.496853263,,117,PA,117
,-1.351351351,,117,PA,117
,1.271534044,,115.5,PA,115.5
,-0.733240223,,115.5,PA,115.5
,7.111111111,,115,PA,115
,2.396259497,,112.5,PA,112.5
,1.74691095,,112,PA,112
,1.354620223,,112,PA,112
,0.545423555,,112,PA,112
,1.092597651,,111.5,PA,111.5
,3.534482759,,111,PA,111
,1.858172165,,111,PA,111
,0.867947923,,111,PA,111
,-0.568990043,,111,PA,111
,-1.616915423,,111,PA,111
,4.054054054,,110,PA,110
,3.744493392,,110,PA,110
,2.957486137,,110,PA,110
,2.589641434,,110,PA,110
,-0.26560425,,110,PA,110
,-2.091152815,,110,PA,110
,-4.77326969,,110,PA,110
,0.672782875,,109,PA,109
,0,,109,PA,109
,4.336224149,,106.5,PA,106.5
,2.720403023,,105,PA,105
,3.778751369,,104.5,PA,104.5
,1.602403605,,102,PA,102
,2.942361951,,99.5,PA,99.5
,2.892960463,,98,PA,98
,2.390914525,,98,PA,98
,2.370990237,,98,PA,98
,1.825789273,,97,PA,97
,0.514516722,,97,PA,97
,2.998038666,,96.5,PA,96.5
,4.945598417,,93,PA,93
,5.697151424,,92.5,PA,92.5
,-1.227436823,,92.5,PA,92.5
,1.105237866,,91,PA,91
,-1.269474899,,91,PA,91
,2.942330326,,90,PA,90
,-0.216138329,,86,PA,86
,0.968366688,,85,PA,85
,2.471225457,,176,RI,176
,0.774550484,,171,RI,171
,0.483425414,,140,RI,140
,2.261948194,,115,RI,115
,4.127829561,,112.5,RI,112.5
,2.223675605,,112,RI,112
,6.610169492,,111,RI,111
,4.769736842,,104,RI,104
,4.385584021,,104,RI,104
,4.133466135,,104,RI,104
,4.064171123,,99.5,RI,99.5
,5.599472991,,98,RI,98
,3.044397463,,96,RI,96
,5.841269841,,94,RI,94
,7.154129406,,93,RI,93
,6.293706294,,87,RI,87
,0.765306122,,137,WV,137
,-0.094384143,,84.5,WV,84.5
,,0.333333333,,NJ,163
,,0.278195489,,NJ,167.5
,,0.274397245,,NJ,167
,,0.254632864,,NJ,214
,,0.239085239,,NJ,156
,,0.219487336,,NJ,139
,,0.213254057,,NJ,141
,,0.208047105,,NJ,168.5
,,0.192783505,,NJ,139
,,0.188837209,,NJ,182
,,0.188228762,,NJ,150.5
,,0.181019332,,NJ,149
,,0.178921569,,NJ,142
,,0.176553672,,NJ,146.5
,,0.170412492,,NJ,153
,,0.170068027,,NJ,156
,,0.169341894,,NJ,152.5
,,0.168016679,,NJ,161
,,0.166172107,,NJ,149
,,0.166120219,,NJ,137
,,0.1625,,NJ,144
,,0.161664034,,NJ,145
,,0.157248157,,NJ,163
,,0.155228758,,NJ,149
,,0.153846154,,NJ,149
,,0.152905199,,NJ,148
,,0.150121065,,NJ,169
,,0.147018031,,NJ,154.5
,,0.14321608,,NJ,127
,,0.143107244,,NJ,173
,,0.142857143,,NJ,156
,,0.141818182,,NJ,156.5
,,0.138515781,,NJ,173.5
,,0.134560907,,NJ,147
,,0.134268537,,NJ,149
,,0.132122213,,NJ,169
,,0.130974866,,NJ,141
,,0.130563798,,NJ,133
,,0.130027847,,NJ,134
,,0.129770992,,NJ,163
,,0.129179331,,NJ,179
,,0.128980892,,NJ,156
,,0.128930818,,NJ,160
,,0.127745847,,NJ,133
,,0.127413127,,NJ,167
,,0.124899853,,NJ,141
,,0.124643557,,NJ,142.5
,,0.122807018,,NJ,164
,,0.122159091,,NJ,187
,,0.121671519,,NJ,152.5
,,0.121559633,,NJ,149
,,0.119375437,,NJ,103
,,0.117606228,,NJ,163
,,0.11747851,,NJ,149
,,0.115653041,,NJ,138
,,0.114864865,,NJ,154.5
,,0.114084507,,NJ,125
,,0.111913357,,NJ,125
,,0.111111111,,NJ,156
,,0.10996119,,NJ,158
,,0.109677419,,NJ,123
,,0.109589041,,NJ,292
,,0.105902778,,NJ,138.5
,,0.105809129,,NJ,141
,,0.105084746,,NJ,145.5
,,0.104201681,,NJ,154
,,0.103896104,,NJ,151
,,0.103030303,,NJ,148
,,0.102739726,,NJ,145
,,0.101449275,,NJ,156
,,0.100977199,,NJ,149
,,0.100286533,,NJ,153.5
,,0.099173554,,NJ,149
,,0.098501743,,NJ,143
,,0.098113208,,NJ,131
,,0.097902098,,NJ,134
,,0.094713656,,NJ,141
,,0.094240838,,NJ,149
,,0.093406593,,NJ,149
,,0.089552239,,NJ,175
,,0.08490566,,NJ,149
,,0.084583902,,NJ,144
,,0.083459788,,NJ,129
,,0.082379863,,NJ,156
,,0.079090993,,NJ,132
,,0.072593801,,NJ,150.5
,,0.072289157,,NJ,149
,,0.072022161,,NJ,149
,,0.070413437,,NJ,128
,,0.066666667,,NJ,139
,,0.063157895,,NJ,132.5
,,0.046979866,,NJ,139
,,0.034653465,,NJ,121
,,0.315789474,,NY,200.5
,,0.314199396,,NY,221
,,0.21875,,NY,171
,,0.204110423,,NY,154
,,0.176339286,,NY,157
,,0.151982379,,NY,173.5
,,0.138014528,,NY,157
,,0.130830268,,NY,166
,,0.130590502,,NY,187
,,0.121349904,,NY,176
,,0.119834711,,NY,190.5
,,0.115306122,,NY,169
,,0.096,,NY,174.5
,,0.095975232,,NY,188
,,0.095383341,,NY,111
,,0.089974293,,NY,146
,,0.08994709,,NY,102
,,0.0896796,,NY,105
,,0.088767748,,NY,107
,,0.087962963,,NY,125
,,0.080961322,,NY,145
,,0.078651685,,NY,172
,,0.073509015,,NY,136
,,0.067342822,,NY,106
,,0.065087637,,NY,93
,,0.050359712,,NY,125
,,0.046999645,,NY,148
,,0.042372881,,NY,102
,,0.041380397,,NY,111.5
,,0.036619718,,NY,93.5
,,0.032894737,,NY,85
,,0.031269896,,NY,96
,,0.028225806,,NY,109
,,0.018518519,,NY,93
,,0.101960784,,MD,132
,,0.094043887,,MD,128
,,0.085840059,,MD,111.5
,,0.083725306,,MD,170.5
,,0.083511777,,MD,147
,,0.079439252,,MD,145.5
,,0.078050452,,MD,121
,,0.077895694,,MD,145
,,0.077777778,,MD,128
,,0.076923077,,MD,145.5
,,0.075426945,,MD,100
,,0.074819815,,MD,116
,,0.073634204,,MD,116.5
,,0.071574488,,MD,99
,,0.070422535,,MD,167
,,0.068965517,,MD,135
,,0.067516879,,MD,117
,,0.063348416,,MD,136
,,0.063157895,,MD,119
,,0.062983425,,MD,100.5
,,0.061285207,,MD,118
,,0.060712708,,MD,129
,,0.05987055,,MD,178
,,0.05975522,,MD,122
,,0.058823529,,MD,108
,,0.05738476,,MD,92
,,0.056952024,,MD,112
,,0.056872038,,MD,178
,,0.05669145,,MD,115
,,0.0548335,,MD,103.5
,,0.054421769,,MD,164
,,0.054171181,,MD,104
,,0.053899846,,MD,168.5
,,0.053760009,,MD,136
,,0.053492193,,MD,158
,,0.053061224,,MD,128
,,0.052941176,,MD,181
,,0.052930005,,MD,178
,,0.052230686,,MD,137
,,0.05065666,,MD,164.5
,,0.05015674,,MD,204
,,0.05,,MD,107.5
,,0.049586777,,MD,132
,,0.049261084,,MD,141
,,0.049019608,,MD,134
,,0.048442907,,MD,153
,,0.048338369,,MD,116.5
,,0.047823507,,MD,124
,,0.047478118,,MD,104.5
,,0.047393365,,MD,164
,,0.046137069,,MD,118
,,0.044303797,,MD,145.5
,,0.04428698,,MD,89
,,0.043478261,,MD,116.5
,,0.04093414,,MD,133
,,0.040816327,,MD,164
,,0.040584416,,MD,133
,,0.039090909,,MD,108.5
,,0.038461538,,MD,123
,,0.038135593,,MD,86
,,0.037753746,,MD,131
,,0.037195452,,MD,155
,,0.03649635,,MD,117.5
,,0.035800024,,MD,106
,,0.03538175,,MD,144.5
,,0.033482143,,MD,156
,,0.032142857,,MD,110
,,0.031807781,,MD,108
,,0.020080321,,MD,116.5
,,0.017990404,,MD,111
,,0.017751479,,MD,113
,,0.015428158,,MD,99
,,0.011998796,,MD,80
,,0.011990408,,MD,111
,,0.105162524,,DE,136.5
,,0.086852014,,DE,123
,,0.094651138,,CT,132
,,0.093106205,,CT,109
,,0.085422248,,CT,137
,,0.078263215,,CT,140
,,0.069346187,,CT,129
,,0.06899949,,CT,110
,,0.068318318,,CT,97
,,0.067755318,,CT,111
,,0.06503722,,CT,117.5
,,0.0646741,,CT,119.5
,,0.059931507,,CT,157
,,0.059354839,,CT,124
,,0.053939864,,CT,123
,,0.052197802,,CT,143
,,0.051859612,,CT,115
,,0.045918367,,CT,177
,,0.042128603,,CT,122.5
,,0.034078807,,CT,103
,,0.025287655,,CT,103
,,0.077562327,,AL,120
,,0.070881226,,AL,120
,,0.070325901,,AL,110
,,0.06456044,,AL,120
,,0.060941828,,AL,120
,,0.054758869,,AL,111
,,0.053435115,,AL,121
,,0.052750194,,AL,120
,,0.051597052,,AL,107
,,0.049726215,,AL,121
,,0.044642857,,AL,120
,,0.041484716,,AL,144
,,0.039592186,,AL,121
,,0.038216561,,AL,121
,,0.036649215,,AL,109
,,0.034666667,,AL,90
,,0.029673591,,AL,132
,,0.029490617,,AL,127.5
,,0.029069767,,AL,120
,,0.026610049,,AL,133
,,0.026490066,,AL,132
,,0.025974026,,AL,120
,,0.025906736,,AL,120
,,0.024048772,,AL,123.5
,,0.024043564,,AL,105.5
,,0.023210832,,AL,144
,,0.022785856,,AL,105
,,0.019607843,,AL,120
,,0.018018018,,AL,121
,,0.016483516,,AL,101
,,0.014912867,,AL,118.5
,,0.014187732,,AL,107.5
,,0.008517893,,AL,120
,,0,,AL,136
,,0.103896104,,SC,119
,,0.091368437,,SC,114
,,0.090909091,,SC,124
,,0.083815029,,SC,124.5
,,0.068235294,,SC,115
,,0.066350711,,SC,114
,,0.063948841,,SC,95
,,0.062329615,,SC,138
,,0.06071964,,SC,109
,,0.059278351,,SC,122.5
,,0.05841038,,SC,176
,,0.058133858,,SC,99.5
,,0.055421687,,SC,84
,,0.054054054,,SC,115.5
,,0.051229508,,SC,92.5
,,0.048157122,,SC,114
,,0.047003877,,SC,121
,,0.046666667,,SC,115.5
,,0.046103561,,SC,96
,,0.045685279,,SC,167
,,0.04516129,,SC,119
,,0.043269231,,SC,150.5
,,0.042708726,,SC,159.5
,,0.042680128,,SC,102
,,0.039393939,,SC,100
,,0.03934795,,SC,109
,,0.036431052,,SC,131.5
,,0.034883721,,SC,119
,,0.033793334,,SC,105.5
,,0.029633304,,SC,154
,,0.029271757,,SC,101
,,0.028901734,,SC,114
,,0.025711996,,SC,89
,,0.02092517,,SC,96
,,0.015584416,,SC,124.5
,,0,,SC,115.5
,,0.097222222,,PA,120
,,0.089690236,,PA,110
,,0.083333333,,PA,150
,,0.081045752,,PA,117
,,0.080178174,,PA,118
,,0.079545455,,PA,110
,,0.076142132,,PA,110
,,0.07568438,,PA,122
,,0.07540395,,PA,111
,,0.07134561,,PA,153
,,0.071005917,,PA,148
,,0.068669528,,PA,104.5
,,0.068592058,,PA,109
,,0.06797235,,PA,102
,,0.067620406,,PA,111
,,0.067126356,,PA,120
,,0.06621721,,PA,153
,,0.065770863,,PA,131
,,0.061103527,,PA,119.5
,,0.058282209,,PA,110
,,0.055724288,,PA,144
,,0.053333333,,PA,125
,,0.051895102,,PA,110
,,0.051282051,,PA,122.5
,,0.051250933,,PA,123
,,0.050314465,,PA,97
,,0.049919385,,PA,163
,,0.04950495,,PA,111
,,0.048780488,,PA,148
,,0.048387097,,PA,110
,,0.047975628,,PA,98
,,0.046511628,,PA,98
,,0.045725646,,PA,97
,,0.044827586,,PA,85
,,0.044554455,,PA,142
,,0.043076923,,PA,112
,,0.042345277,,PA,105
,,0.041841004,,PA,98
,,0.0412738,,PA,118.5
,,0.040707965,,PA,122.5
,,0.039473684,,PA,109
,,0.038768315,,PA,117
,,0.038548753,,PA,115.5
,,0.037748379,,PA,92.5
,,0.036231884,,PA,115.5
,,0.035978785,,PA,127
,,0.034810127,,PA,112.5
,,0.034596376,,PA,110
,,0.033506578,,PA,112
,,0.032332564,,PA,129.5
,,0.031558185,,PA,111.5
,,0.03155006,,PA,91
,,0.031390135,,PA,125
,,0.030444965,,PA,122.5
,,0.030317306,,PA,129
,,0.030232558,,PA,117
,,0.029411765,,PA,112
,,0.028939108,,PA,106.5
,,0.02716302,,PA,115
,,0.025127225,,PA,99.5
,,0.023898082,,PA,93
,,0.023732988,,PA,96.5
,,0.023687307,,PA,111
,,0.0234375,,PA,122.5
,,0.021806854,,PA,86
,,0.019900498,,PA,124.5
,,0.018867925,,PA,111
,,0.018001115,,PA,148
,,0.012105602,,PA,92.5
,,0.010752688,,PA,144.5
,,0.008130081,,PA,90
,,0,,PA,91
,,0.082051282,,RI,104
,,0.078369561,,RI,112
,,0.074500151,,RI,111
,,0.069651741,,RI,171
,,0.063591022,,RI,140
,,0.059550562,,RI,99.5
,,0.059340138,,RI,104
,,0.057755305,,RI,87
,,0.056402973,,RI,93
,,0.056089776,,RI,98
,,0.054644809,,RI,112.5
,,0.048439182,,RI,94
,,0.046369117,,RI,104
,,0.044973545,,RI,96
,,0.037878788,,RI,176
,,0.035661611,,RI,115
,,0.041884817,,WV,84.5
,,0.011796854,,WV,137
6.431881372,,0.333333333,,NJ,163
0.006487488,,0.278195489,,NJ,167.5
0.017608897,,0.274397245,,NJ,167
0.014828545,,0.254632864,,NJ,214
3.036144578,,0.239085239,,NJ,156
0.448563485,,0.219487336,,NJ,139
0.304911956,,0.213254057,,NJ,141
1.106580167,,0.208047105,,NJ,168.5
0.550509731,,0.192783505,,NJ,139
0.40407785,,0.188837209,,NJ,182
1.468952734,,0.188228762,,NJ,150.5
1.772011121,,0.181019332,,NJ,149
2.083410565,,0.178921569,,NJ,142
0.063021316,,0.176553672,,NJ,146.5
0.544022243,,0.170412492,,NJ,153
0.913809082,,0.170068027,,NJ,156
0.455050973,,0.169341894,,NJ,152.5
0.317886932,,0.168016679,,NJ,161
3.427247451,,0.166172107,,NJ,149
1.523632994,,0.166120219,,NJ,137
0.085264133,,0.1625,,NJ,144
0.015755329,,0.161664034,,NJ,145
0.666357739,,0.157248157,,NJ,163
2.372567192,,0.155228758,,NJ,149
5.551436515,,0.153846154,,NJ,149
0.422613531,,0.152905199,,NJ,148
1.913809082,,0.150121065,,NJ,169
5.772937905,,0.147018031,,NJ,154.5
1.65060241,,0.14321608,,NJ,127
0.494902688,,0.143107244,,NJ,173
2.950880445,,0.142857143,,NJ,156
1.287303058,,0.141818182,,NJ,156.5
3.388322521,,0.138515781,,NJ,173.5
0.185356812,,0.134560907,,NJ,147
0.850787766,,0.134268537,,NJ,149
0.257645968,,0.132122213,,NJ,169
0.584800741,,0.130974866,,NJ,141
2.050973123,,0.130563798,,NJ,133
1.68952734,,0.130027847,,NJ,134
6.508804449,,0.129770992,,NJ,163
1.099165894,,0.129179331,,NJ,179
1.398517146,,0.128980892,,NJ,156
2.195551437,,0.128930818,,NJ,160
3.491195551,,0.127745847,,NJ,133
0.481000927,,0.127413127,,NJ,167
0.84708063,,0.124899853,,NJ,141
3.990732159,,0.124643557,,NJ,142.5
7.109360519,,0.122807018,,NJ,164
1.027803522,,0.122159091,,NJ,187
4.868396664,,0.121671519,,NJ,152.5
1.928637627,,0.121559633,,NJ,149
0.53197405,,0.119375437,,NJ,103
1.131603336,,0.117606228,,NJ,163
3.93141798,,0.11747851,,NJ,149
1.58665431,,0.115653041,,NJ,138
1.139017609,,0.114864865,,NJ,154.5
3.608897127,,0.114084507,,NJ,125
1.836886006,,0.111913357,,NJ,125
3.72381835,,0.111111111,,NJ,156
5.067655236,,0.10996119,,NJ,158
0.690454124,,0.109677419,,NJ,123
0.443929564,,0.109589041,,NJ,292
6.575532901,,0.105902778,,NJ,138.5
4.797034291,,0.105809129,,NJ,141
6.473586654,,0.105084746,,NJ,145.5
3.925857275,,0.104201681,,NJ,154
5.996292864,,0.103896104,,NJ,151
4.227988879,,0.103030303,,NJ,148
5.185356812,,0.102739726,,NJ,145
3.035217794,,0.101449275,,NJ,156
4.528266914,,0.100977199,,NJ,149
6.141797961,,0.100286533,,NJ,153.5
5.253938832,,0.099173554,,NJ,149
5.271547729,,0.098501743,,NJ,143
3.736793327,,0.098113208,,NJ,131
7.051899907,,0.097902098,,NJ,134
0.821130677,,0.094713656,,NJ,141
3.795180723,,0.094240838,,NJ,149
3.934198332,,0.093406593,,NJ,149
5.1278962,,0.089552239,,NJ,175
4.535681186,,0.08490566,,NJ,149
5.225208526,,0.084583902,,NJ,144
0.936978684,,0.083459788,,NJ,129
2.02502317,,0.082379863,,NJ,156
6.135310473,,0.079090993,,NJ,132
5.100092678,,0.072593801,,NJ,150.5
3.718257646,,0.072289157,,NJ,149
2.211306766,,0.072022161,,NJ,149
3.907321594,,0.070413437,,NJ,128
6.567191844,,0.066666667,,NJ,139
7.711770158,,0.063157895,,NJ,132.5
8.585727525,,0.046979866,,NJ,139
9.607043559,,0.034653465,,NJ,121
1.649675626,,0.315789474,,NY,200.5
1.017608897,,0.314199396,,NY,221
4.2557924,,0.21875,,NY,171
5.874884152,,0.204110423,,NY,154
8.469879518,,0.176339286,,NY,157
5.803521779,,0.151982379,,NY,173.5
6.055607044,,0.138014528,,NY,157
9.526413346,,0.130830268,,NY,166
7.437442076,,0.130590502,,NY,187
0.376274328,,0.121349904,,NY,176
0.637627433,,0.119834711,,NY,190.5
0.02502317,,0.115306122,,NY,169
9.516218721,,0.096,,NY,174.5
1.916589435,,0.095975232,,NY,188
4.065801668,,0.095383341,,NY,111
0.336422614,,0.089974293,,NY,146
4.220574606,,0.08994709,,NY,102
2.436515292,,0.0896796,,NY,105
1.462465246,,0.088767748,,NY,107
0.516218721,,0.087962963,,NY,125
0.41334569,,0.080961322,,NY,145
7.278035218,,0.078651685,,NY,172
0.481927711,,0.073509015,,NY,136
3.519925857,,0.067342822,,NY,106
5.78313253,,0.065087637,,NY,93
4.224281742,,0.050359712,,NY,125
2.84244671,,0.046999645,,NY,148
6.742354032,,0.042372881,,NY,102
3.955514365,,0.041380397,,NY,111.5
6.22613531,,0.036619718,,NY,93.5
7.39944393,,0.032894737,,NY,85
8.341983318,,0.031269896,,NY,96
7.37905468,,0.028225806,,NY,109
8.023169601,,0.018518519,,NY,93
0.299351251,,0.101960784,,MD,132
0.263206673,,0.094043887,,MD,128
0.16218721,,0.085840059,,MD,111.5
0.028730306,,0.083725306,,MD,170.5
0.089898054,,0.083511777,,MD,147
0.414272475,,0.079439252,,MD,145.5
0.657089898,,0.078050452,,MD,121
0.244670992,,0.077895694,,MD,145
0.372567192,,0.077777778,,MD,128
0.662650602,,0.076923077,,MD,145.5
0.468952734,,0.075426945,,MD,100
1.308619092,,0.074819815,,MD,116
1.026876738,,0.073634204,,MD,116.5
0.668211307,,0.071574488,,MD,99
0.56163114,,0.070422535,,MD,167
1.3197405,,0.068965517,,MD,135
0.160333642,,0.067516879,,MD,117
1.046339203,,0.063348416,,MD,136
3.597775718,,0.063157895,,MD,119
1.864689527,,0.062983425,,MD,100.5
0.624652456,,0.061285207,,MD,118
0.9360519,,0.060712708,,MD,129
2.198331789,,0.05987055,,MD,178
0.046339203,,0.05975522,,MD,122
0.49768304,,0.058823529,,MD,108
0.183503244,,0.05738476,,MD,92
0.405931418,,0.056952024,,MD,112
0.83781279,,0.056872038,,MD,178
0.887859129,,0.05669145,,MD,115
1.101946247,,0.0548335,,MD,103.5
1.341983318,,0.054421769,,MD,164
0.198331789,,0.054171181,,MD,104
0.094531974,,0.053899846,,MD,168.5
0.512511585,,0.053760009,,MD,136
0.500463392,,0.053492193,,MD,158
0.796107507,,0.053061224,,MD,128
0.554216867,,0.052941176,,MD,181
1.156626506,,0.052930005,,MD,178
0.3197405,,0.052230686,,MD,137
0.218721038,,0.05065666,,MD,164.5
2.760889713,,0.05015674,,MD,204
3.741427247,,0.05,,MD,107.5
2.027803522,,0.049586777,,MD,132
0.379981464,,0.049261084,,MD,141
0.445783133,,0.049019608,,MD,134
1.415199259,,0.048442907,,MD,153
1.037998146,,0.048338369,,MD,116.5
0.902687674,,0.047823507,,MD,124
1.873030584,,0.047478118,,MD,104.5
1.798887859,,0.047393365,,MD,164
0.138090825,,0.046137069,,MD,118
0.170528267,,0.044303797,,MD,145.5
0.816496756,,0.04428698,,MD,89
0.28544949,,0.043478261,,MD,116.5
0.381835032,,0.04093414,,MD,133
2.045412419,,0.040816327,,MD,164
0.31047266,,0.040584416,,MD,133
1.907321594,,0.039090909,,MD,108.5
2.058387396,,0.038461538,,MD,123
5.220574606,,0.038135593,,MD,86
3.475440222,,0.037753746,,MD,131
1,,0.037195452,,MD,155
2.839666358,,0.03649635,,MD,117.5
2.088044486,,0.035800024,,MD,106
4.3197405,,0.03538175,,MD,144.5
0.709916589,,0.033482143,,MD,156
3.328081557,,0.032142857,,MD,110
5.691380908,,0.031807781,,MD,108
4.066728452,,0.020080321,,MD,116.5
4.468952734,,0.017990404,,MD,111
7.407784986,,0.017751479,,MD,113
4.270620945,,0.015428158,,MD,99
7.103799815,,0.011998796,,MD,80
2,,0.011990408,,MD,111
1.389249305,,0.105162524,,DE,136.5
0.884151993,,0.086852014,,DE,123
0.503243744,,0.094651138,,CT,132
2.324374421,,0.093106205,,CT,109
0.406858202,,0.085422248,,CT,137
0.832252085,,0.078263215,,CT,140
5.104726599,,0.069346187,,CT,129
1.275254866,,0.06899949,,CT,110
1.272474513,,0.068318318,,CT,97
0.729379055,,0.067755318,,CT,111
0.353104727,,0.06503722,,CT,117.5
4.232622799,,0.0646741,,CT,119.5
1.420759963,,0.059931507,,CT,157
7.208526413,,0.059354839,,CT,124
1.922150139,,0.053939864,,CT,123
3.647822057,,0.052197802,,CT,143
0.725671918,,0.051859612,,CT,115
2.770157553,,0.045918367,,CT,177
2.017608897,,0.042128603,,CT,122.5
3.610750695,,0.034078807,,CT,103
3.831325301,,0.025287655,,CT,103
0.180722892,,0.077562327,,AL,120
0.518999073,,0.070881226,,AL,120
0.6802595,,0.070325901,,AL,110
1.500463392,,0.06456044,,AL,120
2.955514365,,0.060941828,,AL,120
0.638554217,,0.054758869,,AL,111
2.584800741,,0.053435115,,AL,121
1.021316033,,0.052750194,,AL,120
1.818350324,,0.051597052,,AL,107
3.189990732,,0.049726215,,AL,121
1.34939759,,0.044642857,,AL,120
1.018535681,,0.041484716,,AL,144
1.559777572,,0.039592186,,AL,121
4.470806302,,0.038216561,,AL,121
1.658016682,,0.036649215,,AL,109
3.397590361,,0.034666667,,AL,90
2.77386469,,0.029673591,,AL,132
2.81742354,,0.029490617,,AL,127.5
1.884151993,,0.029069767,,AL,120
3.273401297,,0.026610049,,AL,133
2.577386469,,0.026490066,,AL,132
2.823911029,,0.025974026,,AL,120
2.885078777,,0.025906736,,AL,120
3.661723818,,0.024048772,,AL,123.5
3.405931418,,0.024043564,,AL,105.5
6.439295644,,0.023210832,,AL,144
3.716404078,,0.022785856,,AL,105
8.953660797,,0.019607843,,AL,120
6.947173309,,0.018018018,,AL,121
3.944392956,,0.016483516,,AL,101
6.578313253,,0.014912867,,AL,118.5
5.792400371,,0.014187732,,AL,107.5
8.596848934,,0.008517893,,AL,120
9.415199259,,0,,AL,136
4.268767377,,0.103896104,,SC,119
5.948100093,,0.091368437,,SC,114
0.367006487,,0.090909091,,SC,124
0.578313253,,0.083815029,,SC,124.5
5.080630213,,0.068235294,,SC,115
4.383688601,,0.066350711,,SC,114
2.094531974,,0.063948841,,SC,95
3.870250232,,0.062329615,,SC,138
2.076923077,,0.06071964,,SC,109
5.230769231,,0.059278351,,SC,122.5
2.443929564,,0.05841038,,SC,176
5.054680259,,0.058133858,,SC,99.5
2.889712697,,0.055421687,,SC,84
6.031510658,,0.054054054,,SC,115.5
2.860982391,,0.051229508,,SC,92.5
3.705282669,,0.048157122,,SC,114
2.430954588,,0.047003877,,SC,121
5.819277108,,0.046666667,,SC,115.5
2.795180723,,0.046103561,,SC,96
3.43373494,,0.045685279,,SC,167
4.570898981,,0.04516129,,SC,119
1.11862836,,0.043269231,,SC,150.5
3.010194625,,0.042708726,,SC,159.5
6.541241891,,0.042680128,,SC,102
4.34939759,,0.039393939,,SC,100
3.293790547,,0.03934795,,SC,109
2.40407785,,0.036431052,,SC,131.5
6.767377201,,0.034883721,,SC,119
4.908248378,,0.033793334,,SC,105.5
6.27618165,,0.029633304,,SC,154
7.353104727,,0.029271757,,SC,101
4.183503244,,0.028901734,,SC,114
8.03892493,,0.025711996,,SC,89
8.786839666,,0.02092517,,SC,96
7.911955514,,0.015584416,,SC,124.5
9.186283596,,0,,SC,115.5
0.440222428,,0.097222222,,PA,120
0.397590361,,0.089690236,,PA,110
1.227062095,,0.083333333,,PA,150
1.514365153,,0.081045752,,PA,117
0.997219648,,0.080178174,,PA,118
2.762743281,,0.079545455,,PA,110
3.228915663,,0.076142132,,PA,110
0.122335496,,0.07568438,,PA,122
0.898980538,,0.07540395,,PA,111
0.126042632,,0.07134561,,PA,153
0.208526413,,0.071005917,,PA,148
1.469879518,,0.068669528,,PA,104.5
0.044485635,,0.068592058,,PA,109
0.963855422,,0.06797235,,PA,102
1.494902688,,0.067620406,,PA,111
1.142724745,,0.067126356,,PA,120
1.520852641,,0.06621721,,PA,153
0.168674699,,0.065770863,,PA,131
2.272474513,,0.061103527,,PA,119.5
2.922150139,,0.058282209,,PA,110
0.232622799,,0.055724288,,PA,144
2.465245598,,0.053333333,,PA,125
1.619091752,,0.051895102,,PA,110
1.550509731,,0.051282051,,PA,122.5
2.590361446,,0.051250933,,PA,123
4.113994439,,0.050314465,,PA,97
0.521779425,,0.049919385,,PA,163
2.234476367,,0.04950495,,PA,111
0.979610751,,0.048780488,,PA,148
1.467099166,,0.048387097,,PA,110
4.406858202,,0.047975628,,PA,98
1.254865616,,0.046511628,,PA,98
3.511584801,,0.045725646,,PA,97
3.39944393,,0.044827586,,PA,85
1.177015755,,0.044554455,,PA,142
3.788693234,,0.043076923,,PA,112
5.548656163,,0.042345277,,PA,105
7.612604263,,0.041841004,,PA,98
2.112140871,,0.0412738,,PA,118.5
3.101019462,,0.040707965,,PA,122.5
5.22613531,,0.039473684,,PA,109
1.050973123,,0.038768315,,PA,117
5.379981464,,0.038548753,,PA,115.5
5.179796108,,0.037748379,,PA,92.5
5.431881372,,0.036231884,,PA,115.5
3.378127896,,0.035978785,,PA,127
6.720111214,,0.034810127,,PA,112.5
1.820203892,,0.034596376,,PA,110
4.549582947,,0.033506578,,PA,112
2.113994439,,0.032332564,,PA,129.5
5.143651529,,0.031558185,,PA,111.5
6.883225209,,0.03155006,,PA,91
6.258572753,,0.031390135,,PA,125
2.106580167,,0.030444965,,PA,122.5
5.568118628,,0.030317306,,PA,129
3.493975904,,0.030232558,,PA,117
5.59592215,,0.029411765,,PA,112
7.957367933,,0.028939108,,PA,106.5
8.967562558,,0.02716302,,PA,115
5.512511585,,0.025127225,,PA,99.5
6.573679333,,0.023898082,,PA,93
7.531047266,,0.023732988,,PA,96.5
7.899907322,,0.023687307,,PA,111
8.166821131,,0.0234375,,PA,122.5
2.551436515,,0.021806854,,PA,86
6.980537535,,0.019900498,,PA,124.5
1.997219648,,0.018867925,,PA,111
4.544022243,,0.018001115,,PA,148
6.165894347,,0.012105602,,PA,92.5
5.256719184,,0.010752688,,PA,144.5
5.81278962,,0.008130081,,PA,90
4.516218721,,0,,PA,91
6.181649676,,0.082051282,,RI,104
0.593141798,,0.078369561,,RI,112
2.002780352,,0.074500151,,RI,111
4.292863763,,0.069651741,,RI,171
0.784986098,,0.063591022,,RI,140
2.949026877,,0.059550562,,RI,99.5
5.114921223,,0.059340138,,RI,104
2.46339203,,0.057755305,,RI,87
5.089898054,,0.056402973,,RI,93
4.465245598,,0.056089776,,RI,98
2.482854495,,0.054644809,,RI,112.5
2.581093605,,0.048439182,,RI,94
4.237256719,,0.046369117,,RI,104
5.541241891,,0.044973545,,RI,96
4.486561631,,0.037878788,,RI,176
4.78313253,,0.035661611,,RI,115
0.779425394,,0.041884817,,WV,84.5
7.444856348,,0.011796854,,WV,137
,4.133514458,0.333333333,,NJ,163
,-13.03155007,0.278195489,,NJ,167.5
,-8.84086444,0.274397245,,NJ,167
,-10.66974596,0.254632864,,NJ,214
,4.863329783,0.239085239,,NJ,156
,-2.209660843,0.219487336,,NJ,139
,1.539741989,0.213254057,,NJ,141
,4.836759371,0.208047105,,NJ,168.5
,0.345508391,0.192783505,,NJ,139
,-3.427065026,0.188837209,,NJ,182
,0.425230333,0.188228762,,NJ,150.5
,0.709849157,0.181019332,,NJ,149
,-0.993612491,0.178921569,,NJ,142
,-1.336898396,0.176553672,,NJ,146.5
,-0.560652396,0.170412492,,NJ,153
,2.128623188,0.170068027,,NJ,156
,-0.88198236,0.169341894,,NJ,152.5
,-7.964954202,0.168016679,,NJ,161
,3.671706263,0.166172107,,NJ,149
,1.754385965,0.166120219,,NJ,137
,-11.10468479,0.1625,,NJ,144
,-8.341658342,0.161664034,,NJ,145
,1.406469761,0.157248157,,NJ,163
,3.668903803,0.155228758,,NJ,149
,2.845872077,0.153846154,,NJ,149
,0,0.152905199,,NJ,148
,-1.353429714,0.150121065,,NJ,169
,3.419654714,0.147018031,,NJ,154.5
,1.164144354,0.14321608,,NJ,127
,-0.632511069,0.143107244,,NJ,173
,2.598566308,0.142857143,,NJ,156
,2.59601707,0.141818182,,NJ,156.5
,-0.214132762,0.138515781,,NJ,173.5
,-0.395778364,0.134560907,,NJ,147
,-3.511572227,0.134268537,,NJ,149
,-5.921052632,0.132122213,,NJ,169
,0.040866367,0.130974866,,NJ,141
,-6.111951589,0.130563798,,NJ,133
,2.414045355,0.130027847,,NJ,134
,10.96797939,0.129770992,,NJ,163
,0.270688322,0.129179331,,NJ,179
,2.700457,0.128980892,,NJ,156
,2.360446571,0.128930818,,NJ,160
,3.427004798,0.127745847,,NJ,133
,-4.545454545,0.127413127,,NJ,167
,1.008878128,0.124899853,,NJ,141
,-0.988520408,0.124643557,,NJ,142.5
,5.979166667,0.122807018,,NJ,164
,-6.277056277,0.122159091,,NJ,187
,0.709639267,0.121671519,,NJ,152.5
,2.458728486,0.121559633,,NJ,149
,3.109882516,0.119375437,,NJ,103
,-2.328201277,0.117606228,,NJ,163
,-1.144310235,0.11747851,,NJ,149
,-1.163692785,0.115653041,,NJ,138
,-2.314977201,0.114864865,,NJ,154.5
,1.536952256,0.114084507,,NJ,125
,-1.23954137,0.111913357,,NJ,125
,3.902273498,0.111111111,,NJ,156
,2.928257687,0.10996119,,NJ,158
,-1.864280388,0.109677419,,NJ,123
,-4.058066645,0.109589041,,NJ,292
,0.577339427,0.105902778,,NJ,138.5
,0.96969697,0.105809129,,NJ,141
,3.359086329,0.105084746,,NJ,145.5
,1.302729529,0.104201681,,NJ,154
,4.685346808,0.103896104,,NJ,151
,1.760345893,0.103030303,,NJ,148
,0.698875722,0.102739726,,NJ,145
,0.562796209,0.101449275,,NJ,156
,1.698450536,0.100977199,,NJ,149
,6.557377049,0.100286533,,NJ,153.5
,-0.254403131,0.099173554,,NJ,149
,-0.964066608,0.098501743,,NJ,143
,-0.09699321,0.098113208,,NJ,131
,1.423487544,0.097902098,,NJ,134
,-6.117308384,0.094713656,,NJ,141
,-1.305483029,0.094240838,,NJ,149
,0.598042769,0.093406593,,NJ,149
,5.209003215,0.089552239,,NJ,175
,-0.949330893,0.08490566,,NJ,149
,-0.289939113,0.084583902,,NJ,144
,-1.876513317,0.083459788,,NJ,129
,1.963093836,0.082379863,,NJ,156
,-2.444673186,0.079090993,,NJ,132
,1.587301587,0.072593801,,NJ,150.5
,0.460154779,0.072289157,,NJ,149
,-4.548816568,0.072022161,,NJ,149
,0.426540284,0.070413437,,NJ,128
,3.412073491,0.066666667,,NJ,139
,3.642384106,0.063157895,,NJ,132.5
,3.554201574,0.046979866,,NJ,139
,3.247232472,0.034653465,,NJ,121
,-2.186633816,0.315789474,,NY,200.5
,1.952983725,0.314199396,,NY,221
,3.297632469,0.21875,,NY,171
,5.289120307,0.204110423,,NY,154
,6.863622799,0.176339286,,NY,157
,0.279655092,0.151982379,,NY,173.5
,2.771141902,0.138014528,,NY,157
,8.898002853,0.130830268,,NY,166
,5.332615136,0.130590502,,NY,187
,1.295238095,0.121349904,,NY,176
,0.060459492,0.119834711,,NY,190.5
,-1.203438395,0.115306122,,NY,169
,5.804347826,0.096,,NY,174.5
,-2.396878484,0.095975232,,NY,188
,1.236603462,0.095383341,,NY,111
,-3.370786517,0.089974293,,NY,146
,0.408719346,0.08994709,,NY,102
,0.3003003,0.0896796,,NY,105
,3.231017771,0.088767748,,NY,107
,-1.153846154,0.087962963,,NY,125
,-0.248756219,0.080961322,,NY,145
,4.588309239,0.078651685,,NY,172
,-4.039167687,0.073509015,,NY,136
,1.258992806,0.067342822,,NY,106
,2.217125382,0.065087637,,NY,93
,0.823580407,0.050359712,,NY,125
,2.033036849,0.046999645,,NY,148
,1.289009498,0.042372881,,NY,102
,1.159644376,0.041380397,,NY,111.5
,2.426035503,0.036619718,,NY,93.5
,3.739837398,0.032894737,,NY,85
,2.690829215,0.031269896,,NY,96
,-1.41453831,0.028225806,,NY,109
,0.421686747,0.018518519,,NY,93
,0.302877335,0.101960784,,MD,132
,-1.781059948,0.094043887,,MD,128
,-0.951315053,0.085840059,,MD,111.5
,-1.508515815,0.083725306,,MD,170.5
,0.064977258,0.083511777,,MD,147
,0.367454068,0.079439252,,MD,145.5
,1.951672862,0.078050452,,MD,121
,-0.556962025,0.077895694,,MD,145
,-1.479289941,0.077777778,,MD,128
,-17.66381766,0.076923077,,MD,145.5
,2.149681529,0.075426945,,MD,100
,7.541785569,0.074819815,,MD,116
,1.67724388,0.073634204,,MD,116.5
,1.721763085,0.071574488,,MD,99
,0.249252243,0.070422535,,MD,167
,-0.057537399,0.068965517,,MD,135
,-4.070981211,0.067516879,,MD,117
,2.308105207,0.063348416,,MD,136
,1.633568225,0.063157895,,MD,119
,4.694621696,0.062983425,,MD,100.5
,1.769911504,0.061285207,,MD,118
,0.519480519,0.060712708,,MD,129
,1.428571429,0.05987055,,MD,178
,-1.009251472,0.05975522,,MD,122
,0.06576784,0.058823529,,MD,108
,-1.651571657,0.05738476,,MD,92
,2.298387097,0.056952024,,MD,112
,-0.979706088,0.056872038,,MD,178
,0.642398287,0.05669145,,MD,115
,0.090964221,0.0548335,,MD,103.5
,0.035984167,0.054421769,,MD,164
,-2.843083652,0.054171181,,MD,104
,-0.24291498,0.053899846,,MD,168.5
,-0.621118012,0.053760009,,MD,136
,-2.364755426,0.053492193,,MD,158
,-4.600141543,0.053061224,,MD,128
,-6.018518519,0.052941176,,MD,181
,-1.73599738,0.052930005,,MD,178
,1.724688598,0.052230686,,MD,137
,-1.090047393,0.05065666,,MD,164.5
,-0.765631646,0.05015674,,MD,204
,3.5982009,0.05,,MD,107.5
,8.763422238,0.049586777,,MD,132
,1.759259259,0.049261084,,MD,141
,2.005347594,0.049019608,,MD,134
,2.517361111,0.048442907,,MD,153
,0.912075885,0.048338369,,MD,116.5
,-0.111773472,0.047823507,,MD,124
,-1.226826609,0.047478118,,MD,104.5
,-0.35596237,0.047393365,,MD,164
,-0.38869258,0.046137069,,MD,118
,-1.647597254,0.044303797,,MD,145.5
,-0.937734434,0.04428698,,MD,89
,0.224340998,0.043478261,,MD,116.5
,-0.765381219,0.04093414,,MD,133
,1.008760287,0.040816327,,MD,164
,-0.799224994,0.040584416,,MD,133
,-0.362154821,0.039090909,,MD,108.5
,0.557675374,0.038461538,,MD,123
,0.437572929,0.038135593,,MD,86
,0.583515682,0.037753746,,MD,131
,-6.865284974,0.037195452,,MD,155
,2.171998826,0.03649635,,MD,117.5
,-0.52956752,0.035800024,,MD,106
,0.21310602,0.03538175,,MD,144.5
,1.449275362,0.033482143,,MD,156
,1.056105611,0.032142857,,MD,110
,-0.42042042,0.031807781,,MD,108
,2.373417722,0.020080321,,MD,116.5
,-0.082372323,0.017990404,,MD,111
,-1.647252618,0.017751479,,MD,113
,-1.085540599,0.015428158,,MD,99
,-0.359311114,0.011998796,,MD,80
,-3.197461557,0.011990408,,MD,111
,3.169886082,0.105162524,,DE,136.5
,0.384615385,0.086852014,,DE,123
,-2.826510721,0.094651138,,CT,132
,0.771604938,0.093106205,,CT,109
,0.210084034,0.085422248,,CT,137
,-4.063492063,0.078263215,,CT,140
,0.47758026,0.069346187,,CT,129
,1.682396389,0.06899949,,CT,110
,-0.23880597,0.068318318,,CT,97
,4.292343387,0.067755318,,CT,111
,-5.47112462,0.06503722,,CT,117.5
,0.131348511,0.0646741,,CT,119.5
,0.226500566,0.059931507,,CT,157
,4.627424294,0.059354839,,CT,124
,-3.306797306,0.053939864,,CT,123
,2.436988817,0.052197802,,CT,143
,-0.234604106,0.051859612,,CT,115
,-0.758602005,0.045918367,,CT,177
,1.899757478,0.042128603,,CT,122.5
,-0.445103858,0.034078807,,CT,103
,-1.408934708,0.025287655,,CT,103
,0.184501845,0.077562327,,AL,120
,3.340292276,0.070881226,,AL,120
,0.702576112,0.070325901,,AL,110
,5.534779357,0.06456044,,AL,120
,8.823529412,0.060941828,,AL,120
,4.663212435,0.054758869,,AL,111
,6.968641115,0.053435115,,AL,121
,6.395348837,0.052750194,,AL,120
,7.609594706,0.051597052,,AL,107
,9.090909091,0.049726215,,AL,121
,5.275498242,0.044642857,,AL,120
,4.897159647,0.041484716,,AL,144
,3.430877901,0.039592186,,AL,121
,7.277882798,0.038216561,,AL,121
,-3.790322581,0.036649215,,AL,109
,2.972136223,0.034666667,,AL,90
,1.813685078,0.029673591,,AL,132
,3.558718861,0.029490617,,AL,127.5
,2.600671141,0.029069767,,AL,120
,1.126126126,0.026610049,,AL,133
,4.981684982,0.026490066,,AL,132
,6.881903144,0.025974026,,AL,120
,6.375545852,0.025906736,,AL,120
,3.318152245,0.024048772,,AL,123.5
,3.863522328,0.024043564,,AL,105.5
,4.858490566,0.023210832,,AL,144
,2.839756592,0.022785856,,AL,105
,9.867674858,0.019607843,,AL,120
,7.064364207,0.018018018,,AL,121
,1.625526791,0.016483516,,AL,101
,2.473684211,0.014912867,,AL,118.5
,2.885006095,0.014187732,,AL,107.5
,6.483036614,0.008517893,,AL,120
,7.646263757,0,,AL,136
,6.362378976,0.103896104,,SC,119
,8.658008658,0.091368437,,SC,114
,-5.452865065,0.090909091,,SC,124
,3.850641774,0.083815029,,SC,124.5
,4.653061224,0.068235294,,SC,115
,17.81472684,0.066350711,,SC,114
,6.517168886,0.063948841,,SC,95
,3.463687151,0.062329615,,SC,138
,2.921348315,0.06071964,,SC,109
,3.464203233,0.059278351,,SC,122.5
,2.053789731,0.05841038,,SC,176
,6.611570248,0.058133858,,SC,99.5
,3.576537911,0.055421687,,SC,84
,6.745670009,0.054054054,,SC,115.5
,0.058892815,0.051229508,,SC,92.5
,3.778040142,0.048157122,,SC,114
,1.297648013,0.047003877,,SC,121
,7.051909892,0.046666667,,SC,115.5
,5.154639175,0.046103561,,SC,96
,0.479386385,0.045685279,,SC,167
,3.075489282,0.04516129,,SC,119
,-9.970384995,0.043269231,,SC,150.5
,2.068965517,0.042708726,,SC,159.5
,9.104704097,0.042680128,,SC,102
,2.453653217,0.039393939,,SC,100
,1.956673655,0.03934795,,SC,109
,2.300884956,0.036431052,,SC,131.5
,5.344202899,0.034883721,,SC,119
,3.652968037,0.033793334,,SC,105.5
,5.378304467,0.029633304,,SC,154
,7.770700637,0.029271757,,SC,101
,9.493670886,0.028901734,,SC,114
,7.204116638,0.025711996,,SC,89
,6.753390534,0.02092517,,SC,96
,4.417177914,0.015584416,,SC,124.5
,9.423769508,0,,SC,115.5
,-2.610669694,0.097222222,,PA,120
,2.589641434,0.089690236,,PA,110
,2.436440678,0.083333333,,PA,150
,1.24003543,0.081045752,,PA,117
,-1.389473684,0.080178174,,PA,118
,3.744493392,0.079545455,,PA,110
,-2.091152815,0.076142132,,PA,110
,2.366863905,0.07568438,,PA,122
,-0.568990043,0.07540395,,PA,111
,1.517450683,0.07134561,,PA,153
,-3.159557662,0.071005917,,PA,148
,3.778751369,0.068669528,,PA,104.5
,0,0.068592058,,PA,109
,1.602403605,0.06797235,,PA,102
,3.534482759,0.067620406,,PA,111
,3.295571576,0.067126356,,PA,120
,-0.819318672,0.06621721,,PA,153
,1.379310345,0.065770863,,PA,131
,0.769769069,0.061103527,,PA,119.5
,4.054054054,0.058282209,,PA,110
,-5.185185185,0.055724288,,PA,144
,-1.362510322,0.053333333,,PA,125
,2.957486137,0.051895102,,PA,110
,1.342281879,0.051282051,,PA,122.5
,0.162271805,0.051250933,,PA,123
,1.825789273,0.050314465,,PA,97
,-2.682926829,0.049919385,,PA,163
,-1.616915423,0.04950495,,PA,111
,-5.930807249,0.048780488,,PA,148
,-0.26560425,0.048387097,,PA,110
,2.892960463,0.047975628,,PA,98
,2.390914525,0.046511628,,PA,98
,0.514516722,0.045725646,,PA,97
,0.968366688,0.044827586,,PA,85
,2.83171521,0.044554455,,PA,142
,1.354620223,0.043076923,,PA,112
,2.720403023,0.042345277,,PA,105
,2.370990237,0.041841004,,PA,98
,1.302325581,0.0412738,,PA,118.5
,-1.854140915,0.040707965,,PA,122.5
,0.672782875,0.039473684,,PA,109
,-1.351351351,0.038768315,,PA,117
,1.271534044,0.038548753,,PA,115.5
,-1.227436823,0.037748379,,PA,92.5
,-0.733240223,0.036231884,,PA,115.5
,-0.522193211,0.035978785,,PA,127
,2.396259497,0.034810127,,PA,112.5
,-4.77326969,0.034596376,,PA,110
,0.545423555,0.033506578,,PA,112
,-2.336448598,0.032332564,,PA,129.5
,1.092597651,0.031558185,,PA,111.5
,1.105237866,0.03155006,,PA,91
,2.256498143,0.031390135,,PA,125
,0.293255132,0.030444965,,PA,122.5
,4.515706806,0.030317306,,PA,129
,-0.496853263,0.030232558,,PA,117
,1.74691095,0.029411765,,PA,112
,4.336224149,0.028939108,,PA,106.5
,7.111111111,0.02716302,,PA,115
,2.942361951,0.025127225,,PA,99.5
,4.945598417,0.023898082,,PA,93
,2.998038666,0.023732988,,PA,96.5
,1.858172165,0.023687307,,PA,111
,4.243542435,0.0234375,,PA,122.5
,-0.216138329,0.021806854,,PA,86
,1.587301587,0.019900498,,PA,124.5
,0.867947923,0.018867925,,PA,111
,-1.892371378,0.018001115,,PA,148
,5.697151424,0.012105602,,PA,92.5
,2.825455506,0.010752688,,PA,144.5
,2.942330326,0.008130081,,PA,90
,-1.269474899,0,,PA,91
,4.385584021,0.082051282,,RI,104
,2.223675605,0.078369561,,RI,112
,6.610169492,0.074500151,,RI,111
,0.774550484,0.069651741,,RI,171
,0.483425414,0.063591022,,RI,140
,4.064171123,0.059550562,,RI,99.5
,4.769736842,0.059340138,,RI,104
,6.293706294,0.057755305,,RI,87
,7.154129406,0.056402973,,RI,93
,5.599472991,0.056089776,,RI,98
,4.127829561,0.054644809,,RI,112.5
,5.841269841,0.048439182,,RI,94
,4.133466135,0.046369117,,RI,104
,3.044397463,0.044973545,,RI,96
,2.471225457,0.037878788,,RI,176
,2.261948194,0.035661611,,RI,115
,-0.094384143,0.041884817,,WV,84.5
,0.765306122,0.011796854,,WV,137
9.607043559,,,,NJ,121
8.585727525,,,,NJ,139
7.711770158,,,,NJ,132.5
7.109360519,,,,NJ,164
7.051899907,,,,NJ,134
6.575532901,,,,NJ,138.5
6.567191844,,,,NJ,139
6.508804449,,,,NJ,163
6.473586654,,,,NJ,145.5
6.431881372,,,,NJ,163
6.141797961,,,,NJ,153.5
6.135310473,,,,NJ,132
5.996292864,,,,NJ,151
5.772937905,,,,NJ,154.5
5.551436515,,,,NJ,149
5.271547729,,,,NJ,143
5.253938832,,,,NJ,149
5.225208526,,,,NJ,144
5.185356812,,,,NJ,145
5.1278962,,,,NJ,175
5.100092678,,,,NJ,150.5
5.067655236,,,,NJ,158
4.868396664,,,,NJ,152.5
4.797034291,,,,NJ,141
4.535681186,,,,NJ,149
4.528266914,,,,NJ,149
4.227988879,,,,NJ,148
3.990732159,,,,NJ,142.5
3.934198332,,,,NJ,149
3.93141798,,,,NJ,149
3.925857275,,,,NJ,154
3.907321594,,,,NJ,128
3.795180723,,,,NJ,149
3.736793327,,,,NJ,131
3.72381835,,,,NJ,156
3.718257646,,,,NJ,149
3.608897127,,,,NJ,125
3.491195551,,,,NJ,133
3.427247451,,,,NJ,149
3.388322521,,,,NJ,173.5
3.036144578,,,,NJ,156
3.035217794,,,,NJ,156
2.950880445,,,,NJ,156
2.372567192,,,,NJ,149
2.211306766,,,,NJ,149
2.195551437,,,,NJ,160
2.083410565,,,,NJ,142
2.050973123,,,,NJ,133
2.02502317,,,,NJ,156
1.928637627,,,,NJ,149
1.913809082,,,,NJ,169
1.836886006,,,,NJ,125
1.772011121,,,,NJ,149
1.68952734,,,,NJ,134
1.65060241,,,,NJ,127
1.58665431,,,,NJ,138
1.523632994,,,,NJ,137
1.468952734,,,,NJ,150.5
1.398517146,,,,NJ,156
1.287303058,,,,NJ,156.5
1.139017609,,,,NJ,154.5
1.131603336,,,,NJ,163
1.106580167,,,,NJ,168.5
1.099165894,,,,NJ,179
1.027803522,,,,NJ,187
0.936978684,,,,NJ,129
0.913809082,,,,NJ,156
0.850787766,,,,NJ,149
0.84708063,,,,NJ,141
0.821130677,,,,NJ,141
0.690454124,,,,NJ,123
0.666357739,,,,NJ,163
0.584800741,,,,NJ,141
0.550509731,,,,NJ,139
0.544022243,,,,NJ,153
0.53197405,,,,NJ,103
0.494902688,,,,NJ,173
0.481000927,,,,NJ,167
0.455050973,,,,NJ,152.5
0.448563485,,,,NJ,139
0.443929564,,,,NJ,292
0.422613531,,,,NJ,148
0.40407785,,,,NJ,182
0.317886932,,,,NJ,161
0.304911956,,,,NJ,141
0.257645968,,,,NJ,169
0.185356812,,,,NJ,147
0.085264133,,,,NJ,144
0.063021316,,,,NJ,146.5
0.017608897,,,,NJ,167
0.015755329,,,,NJ,145
0.014828545,,,,NJ,214
0.006487488,,,,NJ,167.5
9.526413346,,,,NY,166
9.516218721,,,,NY,174.5
8.469879518,,,,NY,157
8.341983318,,,,NY,96
8.023169601,,,,NY,93
7.437442076,,,,NY,187
7.39944393,,,,NY,85
7.37905468,,,,NY,109
7.278035218,,,,NY,172
6.742354032,,,,NY,102
6.22613531,,,,NY,93.5
6.055607044,,,,NY,157
5.874884152,,,,NY,154
5.803521779,,,,NY,173.5
5.78313253,,,,NY,93
4.2557924,,,,NY,171
4.224281742,,,,NY,125
4.220574606,,,,NY,102
4.065801668,,,,NY,111
3.955514365,,,,NY,111.5
3.519925857,,,,NY,106
2.84244671,,,,NY,148
2.436515292,,,,NY,105
1.916589435,,,,NY,188
1.649675626,,,,NY,200.5
1.462465246,,,,NY,107
1.017608897,,,,NY,221
0.637627433,,,,NY,190.5
0.516218721,,,,NY,125
0.481927711,,,,NY,136
0.41334569,,,,NY,145
0.376274328,,,,NY,176
0.336422614,,,,NY,146
0.02502317,,,,NY,169
7.407784986,,,,MD,113
7.103799815,,,,MD,80
5.691380908,,,,MD,108
5.220574606,,,,MD,86
4.468952734,,,,MD,111
4.3197405,,,,MD,144.5
4.270620945,,,,MD,99
4.066728452,,,,MD,116.5
3.741427247,,,,MD,107.5
3.597775718,,,,MD,119
3.475440222,,,,MD,131
3.328081557,,,,MD,110
2.839666358,,,,MD,117.5
2.760889713,,,,MD,204
2.198331789,,,,MD,178
2.088044486,,,,MD,106
2.058387396,,,,MD,123
2.045412419,,,,MD,164
2.027803522,,,,MD,132
2,,,,MD,111
1.907321594,,,,MD,108.5
1.873030584,,,,MD,104.5
1.864689527,,,,MD,100.5
1.798887859,,,,MD,164
1.415199259,,,,MD,153
1.341983318,,,,MD,164
1.3197405,,,,MD,135
1.308619092,,,,MD,116
1.156626506,,,,MD,178
1.101946247,,,,MD,103.5
1.046339203,,,,MD,136
1.037998146,,,,MD,116.5
1.026876738,,,,MD,116.5
1,,,,MD,155
0.9360519,,,,MD,129
0.902687674,,,,MD,124
0.887859129,,,,MD,115
0.83781279,,,,MD,178
0.816496756,,,,MD,89
0.796107507,,,,MD,128
0.709916589,,,,MD,156
0.668211307,,,,MD,99
0.662650602,,,,MD,145.5
0.657089898,,,,MD,121
0.624652456,,,,MD,118
0.56163114,,,,MD,167
0.554216867,,,,MD,181
0.512511585,,,,MD,136
0.500463392,,,,MD,158
0.49768304,,,,MD,108
0.468952734,,,,MD,100
0.445783133,,,,MD,134
0.414272475,,,,MD,145.5
0.405931418,,,,MD,112
0.381835032,,,,MD,133
0.379981464,,,,MD,141
0.372567192,,,,MD,128
0.3197405,,,,MD,137
0.31047266,,,,MD,133
0.299351251,,,,MD,132
0.28544949,,,,MD,116.5
0.263206673,,,,MD,128
0.244670992,,,,MD,145
0.218721038,,,,MD,164.5
0.198331789,,,,MD,104
0.183503244,,,,MD,92
0.170528267,,,,MD,145.5
0.16218721,,,,MD,111.5
0.160333642,,,,MD,117
0.138090825,,,,MD,118
0.094531974,,,,MD,168.5
0.089898054,,,,MD,147
0.046339203,,,,MD,122
0.028730306,,,,MD,170.5
1.389249305,,,,DE,136.5
0.884151993,,,,DE,123
7.208526413,,,,CT,124
5.104726599,,,,CT,129
4.232622799,,,,CT,119.5
3.831325301,,,,CT,103
3.647822057,,,,CT,143
3.610750695,,,,CT,103
2.770157553,,,,CT,177
2.324374421,,,,CT,109
2.017608897,,,,CT,122.5
1.922150139,,,,CT,123
1.420759963,,,,CT,157
1.275254866,,,,CT,110
1.272474513,,,,CT,97
0.832252085,,,,CT,140
0.729379055,,,,CT,111
0.725671918,,,,CT,115
0.503243744,,,,CT,132
0.406858202,,,,CT,137
0.353104727,,,,CT,117.5
9.415199259,,,,AL,136
8.953660797,,,,AL,120
8.596848934,,,,AL,120
6.947173309,,,,AL,121
6.578313253,,,,AL,118.5
6.439295644,,,,AL,144
5.792400371,,,,AL,107.5
4.470806302,,,,AL,121
3.944392956,,,,AL,101
3.716404078,,,,AL,105
3.661723818,,,,AL,123.5
3.405931418,,,,AL,105.5
3.397590361,,,,AL,90
3.273401297,,,,AL,133
3.189990732,,,,AL,121
2.955514365,,,,AL,120
2.885078777,,,,AL,120
2.823911029,,,,AL,120
2.81742354,,,,AL,127.5
2.77386469,,,,AL,132
2.584800741,,,,AL,121
2.577386469,,,,AL,132
1.884151993,,,,AL,120
1.818350324,,,,AL,107
1.658016682,,,,AL,109
1.559777572,,,,AL,121
1.500463392,,,,AL,120
1.34939759,,,,AL,120
1.021316033,,,,AL,120
1.018535681,,,,AL,144
0.6802595,,,,AL,110
0.638554217,,,,AL,111
0.518999073,,,,AL,120
0.180722892,,,,AL,120
9.186283596,,,,SC,115.5
8.786839666,,,,SC,96
8.03892493,,,,SC,89
7.911955514,,,,SC,124.5
7.353104727,,,,SC,101
6.767377201,,,,SC,119
6.541241891,,,,SC,102
6.27618165,,,,SC,154
6.031510658,,,,SC,115.5
5.948100093,,,,SC,114
5.819277108,,,,SC,115.5
5.230769231,,,,SC,122.5
5.080630213,,,,SC,115
5.054680259,,,,SC,99.5
4.908248378,,,,SC,105.5
4.570898981,,,,SC,119
4.383688601,,,,SC,114
4.34939759,,,,SC,100
4.268767377,,,,SC,119
4.183503244,,,,SC,114
3.870250232,,,,SC,138
3.705282669,,,,SC,114
3.43373494,,,,SC,167
3.293790547,,,,SC,109
3.010194625,,,,SC,159.5
2.889712697,,,,SC,84
2.860982391,,,,SC,92.5
2.795180723,,,,SC,96
2.443929564,,,,SC,176
2.430954588,,,,SC,121
2.40407785,,,,SC,131.5
2.094531974,,,,SC,95
2.076923077,,,,SC,109
1.11862836,,,,SC,150.5
0.578313253,,,,SC,124.5
0.367006487,,,,SC,124
8.967562558,,,,PA,115
8.166821131,,,,PA,122.5
7.957367933,,,,PA,106.5
7.899907322,,,,PA,111
7.612604263,,,,PA,98
7.531047266,,,,PA,96.5
6.980537535,,,,PA,124.5
6.883225209,,,,PA,91
6.720111214,,,,PA,112.5
6.573679333,,,,PA,93
6.258572753,,,,PA,125
6.165894347,,,,PA,92.5
5.81278962,,,,PA,90
5.59592215,,,,PA,112
5.568118628,,,,PA,129
5.548656163,,,,PA,105
5.512511585,,,,PA,99.5
5.431881372,,,,PA,115.5
5.379981464,,,,PA,115.5
5.256719184,,,,PA,144.5
5.22613531,,,,PA,109
5.179796108,,,,PA,92.5
5.143651529,,,,PA,111.5
4.549582947,,,,PA,112
4.544022243,,,,PA,148
4.516218721,,,,PA,91
4.406858202,,,,PA,98
4.113994439,,,,PA,97
3.788693234,,,,PA,112
3.511584801,,,,PA,97
3.493975904,,,,PA,117
3.39944393,,,,PA,85
3.378127896,,,,PA,127
3.228915663,,,,PA,110
3.101019462,,,,PA,122.5
2.922150139,,,,PA,110
2.762743281,,,,PA,110
2.590361446,,,,PA,123
2.551436515,,,,PA,86
2.465245598,,,,PA,125
2.272474513,,,,PA,119.5
2.234476367,,,,PA,111
2.113994439,,,,PA,129.5
2.112140871,,,,PA,118.5
2.106580167,,,,PA,122.5
1.997219648,,,,PA,111
1.820203892,,,,PA,110
1.619091752,,,,PA,110
1.550509731,,,,PA,122.5
1.520852641,,,,PA,153
1.514365153,,,,PA,117
1.494902688,,,,PA,111
1.469879518,,,,PA,104.5
1.467099166,,,,PA,110
1.254865616,,,,PA,98
1.227062095,,,,PA,150
1.177015755,,,,PA,142
1.142724745,,,,PA,120
1.050973123,,,,PA,117
0.997219648,,,,PA,118
0.979610751,,,,PA,148
0.963855422,,,,PA,102
0.898980538,,,,PA,111
0.521779425,,,,PA,163
0.440222428,,,,PA,120
0.397590361,,,,PA,110
0.232622799,,,,PA,144
0.208526413,,,,PA,148
0.168674699,,,,PA,131
0.126042632,,,,PA,153
0.122335496,,,,PA,122
0.044485635,,,,PA,109
6.181649676,,,,RI,104
5.541241891,,,,RI,96
5.114921223,,,,RI,104
5.089898054,,,,RI,93
4.78313253,,,,RI,115
4.486561631,,,,RI,176
4.465245598,,,,RI,98
4.292863763,,,,RI,171
4.237256719,,,,RI,104
2.949026877,,,,RI,99.5
2.581093605,,,,RI,94
2.482854495,,,,RI,112.5
2.46339203,,,,RI,87
2.002780352,,,,RI,111
0.784986098,,,,RI,140
0.593141798,,,,RI,112
7.444856348,,,,WV,137
0.779425394,,,,WV,84.5
9.607043559,3.247232472,,,NJ,121
8.585727525,3.554201574,,,NJ,139
7.711770158,3.642384106,,,NJ,132.5
7.109360519,5.979166667,,,NJ,164
7.051899907,1.423487544,,,NJ,134
6.575532901,0.577339427,,,NJ,138.5
6.567191844,3.412073491,,,NJ,139
6.508804449,10.96797939,,,NJ,163
6.473586654,3.359086329,,,NJ,145.5
6.431881372,4.133514458,,,NJ,163
6.141797961,6.557377049,,,NJ,153.5
6.135310473,-2.444673186,,,NJ,132
5.996292864,4.685346808,,,NJ,151
5.772937905,3.419654714,,,NJ,154.5
5.551436515,2.845872077,,,NJ,149
5.271547729,-0.964066608,,,NJ,143
5.253938832,-0.254403131,,,NJ,149
5.225208526,-0.289939113,,,NJ,144
5.185356812,0.698875722,,,NJ,145
5.1278962,5.209003215,,,NJ,175
5.100092678,1.587301587,,,NJ,150.5
5.067655236,2.928257687,,,NJ,158
4.868396664,0.709639267,,,NJ,152.5
4.797034291,0.96969697,,,NJ,141
4.535681186,-0.949330893,,,NJ,149
4.528266914,1.698450536,,,NJ,149
4.227988879,1.760345893,,,NJ,148
3.990732159,-0.988520408,,,NJ,142.5
3.934198332,0.598042769,,,NJ,149
3.93141798,-1.144310235,,,NJ,149
3.925857275,1.302729529,,,NJ,154
3.907321594,0.426540284,,,NJ,128
3.795180723,-1.305483029,,,NJ,149
3.736793327,-0.09699321,,,NJ,131
3.72381835,3.902273498,,,NJ,156
3.718257646,0.460154779,,,NJ,149
3.608897127,1.536952256,,,NJ,125
3.491195551,3.427004798,,,NJ,133
3.427247451,3.671706263,,,NJ,149
3.388322521,-0.214132762,,,NJ,173.5
3.036144578,4.863329783,,,NJ,156
3.035217794,0.562796209,,,NJ,156
2.950880445,2.598566308,,,NJ,156
2.372567192,3.668903803,,,NJ,149
2.211306766,-4.548816568,,,NJ,149
2.195551437,2.360446571,,,NJ,160
2.083410565,-0.993612491,,,NJ,142
2.050973123,-6.111951589,,,NJ,133
2.02502317,1.963093836,,,NJ,156
1.928637627,2.458728486,,,NJ,149
1.913809082,-1.353429714,,,NJ,169
1.836886006,-1.23954137,,,NJ,125
1.772011121,0.709849157,,,NJ,149
1.68952734,2.414045355,,,NJ,134
1.65060241,1.164144354,,,NJ,127
1.58665431,-1.163692785,,,NJ,138
1.523632994,1.754385965,,,NJ,137
1.468952734,0.425230333,,,NJ,150.5
1.398517146,2.700457,,,NJ,156
1.287303058,2.59601707,,,NJ,156.5
1.139017609,-2.314977201,,,NJ,154.5
1.131603336,-2.328201277,,,NJ,163
1.106580167,4.836759371,,,NJ,168.5
1.099165894,0.270688322,,,NJ,179
1.027803522,-6.277056277,,,NJ,187
0.936978684,-1.876513317,,,NJ,129
0.913809082,2.128623188,,,NJ,156
0.850787766,-3.511572227,,,NJ,149
0.84708063,1.008878128,,,NJ,141
0.821130677,-6.117308384,,,NJ,141
0.690454124,-1.864280388,,,NJ,123
0.666357739,1.406469761,,,NJ,163
0.584800741,0.040866367,,,NJ,141
0.550509731,0.345508391,,,NJ,139
0.544022243,-0.560652396,,,NJ,153
0.53197405,3.109882516,,,NJ,103
0.494902688,-0.632511069,,,NJ,173
0.481000927,-4.545454545,,,NJ,167
0.455050973,-0.88198236,,,NJ,152.5
0.448563485,-2.209660843,,,NJ,139
0.443929564,-4.058066645,,,NJ,292
0.422613531,0,,,NJ,148
0.40407785,-3.427065026,,,NJ,182
0.317886932,-7.964954202,,,NJ,161
0.304911956,1.539741989,,,NJ,141
0.257645968,-5.921052632,,,NJ,169
0.185356812,-0.395778364,,,NJ,147
0.085264133,-11.10468479,,,NJ,144
0.063021316,-1.336898396,,,NJ,146.5
0.017608897,-8.84086444,,,NJ,167
0.015755329,-8.341658342,,,NJ,145
0.014828545,-10.66974596,,,NJ,214
0.006487488,-13.03155007,,,NJ,167.5
9.526413346,8.898002853,,,NY,166
9.516218721,5.804347826,,,NY,174.5
8.469879518,6.863622799,,,NY,157
8.341983318,2.690829215,,,NY,96
8.023169601,0.421686747,,,NY,93
7.437442076,5.332615136,,,NY,187
7.39944393,3.739837398,,,NY,85
7.37905468,-1.41453831,,,NY,109
7.278035218,4.588309239,,,NY,172
6.742354032,1.289009498,,,NY,102
6.22613531,2.426035503,,,NY,93.5
6.055607044,2.771141902,,,NY,157
5.874884152,5.289120307,,,NY,154
5.803521779,0.279655092,,,NY,173.5
5.78313253,2.217125382,,,NY,93
4.2557924,3.297632469,,,NY,171
4.224281742,0.823580407,,,NY,125
4.220574606,0.408719346,,,NY,102
4.065801668,1.236603462,,,NY,111
3.955514365,1.159644376,,,NY,111.5
3.519925857,1.258992806,,,NY,106
2.84244671,2.033036849,,,NY,148
2.436515292,0.3003003,,,NY,105
1.916589435,-2.396878484,,,NY,188
1.649675626,-2.186633816,,,NY,200.5
1.462465246,3.231017771,,,NY,107
1.017608897,1.952983725,,,NY,221
0.637627433,0.060459492,,,NY,190.5
0.516218721,-1.153846154,,,NY,125
0.481927711,-4.039167687,,,NY,136
0.41334569,-0.248756219,,,NY,145
0.376274328,1.295238095,,,NY,176
0.336422614,-3.370786517,,,NY,146
0.02502317,-1.203438395,,,NY,169
7.407784986,-1.647252618,,,MD,113
7.103799815,-0.359311114,,,MD,80
5.691380908,-0.42042042,,,MD,108
5.220574606,0.437572929,,,MD,86
4.468952734,-0.082372323,,,MD,111
4.3197405,0.21310602,,,MD,144.5
4.270620945,-1.085540599,,,MD,99
4.066728452,2.373417722,,,MD,116.5
3.741427247,3.5982009,,,MD,107.5
3.597775718,1.633568225,,,MD,119
3.475440222,0.583515682,,,MD,131
3.328081557,1.056105611,,,MD,110
2.839666358,2.171998826,,,MD,117.5
2.760889713,-0.765631646,,,MD,204
2.198331789,1.428571429,,,MD,178
2.088044486,-0.52956752,,,MD,106
2.058387396,0.557675374,,,MD,123
2.045412419,1.008760287,,,MD,164
2.027803522,8.763422238,,,MD,132
2,-3.197461557,,,MD,111
1.907321594,-0.362154821,,,MD,108.5
1.873030584,-1.226826609,,,MD,104.5
1.864689527,4.694621696,,,MD,100.5
1.798887859,-0.35596237,,,MD,164
1.415199259,2.517361111,,,MD,153
1.341983318,0.035984167,,,MD,164
1.3197405,-0.057537399,,,MD,135
1.308619092,7.541785569,,,MD,116
1.156626506,-1.73599738,,,MD,178
1.101946247,0.090964221,,,MD,103.5
1.046339203,2.308105207,,,MD,136
1.037998146,0.912075885,,,MD,116.5
1.026876738,1.67724388,,,MD,116.5
1,-6.865284974,,,MD,155
0.9360519,0.519480519,,,MD,129
0.902687674,-0.111773472,,,MD,124
0.887859129,0.642398287,,,MD,115
0.83781279,-0.979706088,,,MD,178
0.816496756,-0.937734434,,,MD,89
0.796107507,-4.600141543,,,MD,128
0.709916589,1.449275362,,,MD,156
0.668211307,1.721763085,,,MD,99
0.662650602,-17.66381766,,,MD,145.5
0.657089898,1.951672862,,,MD,121
0.624652456,1.769911504,,,MD,118
0.56163114,0.249252243,,,MD,167
0.554216867,-6.018518519,,,MD,181
0.512511585,-0.621118012,,,MD,136
0.500463392,-2.364755426,,,MD,158
0.49768304,0.06576784,,,MD,108
0.468952734,2.149681529,,,MD,100
0.445783133,2.005347594,,,MD,134
0.414272475,0.367454068,,,MD,145.5
0.405931418,2.298387097,,,MD,112
0.381835032,-0.765381219,,,MD,133
0.379981464,1.759259259,,,MD,141
0.372567192,-1.479289941,,,MD,128
0.3197405,1.724688598,,,MD,137
0.31047266,-0.799224994,,,MD,133
0.299351251,0.302877335,,,MD,132
0.28544949,0.224340998,,,MD,116.5
0.263206673,-1.781059948,,,MD,128
0.244670992,-0.556962025,,,MD,145
0.218721038,-1.090047393,,,MD,164.5
0.198331789,-2.843083652,,,MD,104
0.183503244,-1.651571657,,,MD,92
0.170528267,-1.647597254,,,MD,145.5
0.16218721,-0.951315053,,,MD,111.5
0.160333642,-4.070981211,,,MD,117
0.138090825,-0.38869258,,,MD,118
0.094531974,-0.24291498,,,MD,168.5
0.089898054,0.064977258,,,MD,147
0.046339203,-1.009251472,,,MD,122
0.028730306,-1.508515815,,,MD,170.5
1.389249305,3.169886082,,,DE,136.5
0.884151993,0.384615385,,,DE,123
7.208526413,4.627424294,,,CT,124
5.104726599,0.47758026,,,CT,129
4.232622799,0.131348511,,,CT,119.5
3.831325301,-1.408934708,,,CT,103
3.647822057,2.436988817,,,CT,143
3.610750695,-0.445103858,,,CT,103
2.770157553,-0.758602005,,,CT,177
2.324374421,0.771604938,,,CT,109
2.017608897,1.899757478,,,CT,122.5
1.922150139,-3.306797306,,,CT,123
1.420759963,0.226500566,,,CT,157
1.275254866,1.682396389,,,CT,110
1.272474513,-0.23880597,,,CT,97
0.832252085,-4.063492063,,,CT,140
0.729379055,4.292343387,,,CT,111
0.725671918,-0.234604106,,,CT,115
0.503243744,-2.826510721,,,CT,132
0.406858202,0.210084034,,,CT,137
0.353104727,-5.47112462,,,CT,117.5
9.415199259,7.646263757,,,AL,136
8.953660797,9.867674858,,,AL,120
8.596848934,6.483036614,,,AL,120
6.947173309,7.064364207,,,AL,121
6.578313253,2.473684211,,,AL,118.5
6.439295644,4.858490566,,,AL,144
5.792400371,2.885006095,,,AL,107.5
4.470806302,7.277882798,,,AL,121
3.944392956,1.625526791,,,AL,101
3.716404078,2.839756592,,,AL,105
3.661723818,3.318152245,,,AL,123.5
3.405931418,3.863522328,,,AL,105.5
3.397590361,2.972136223,,,AL,90
3.273401297,1.126126126,,,AL,133
3.189990732,9.090909091,,,AL,121
2.955514365,8.823529412,,,AL,120
2.885078777,6.375545852,,,AL,120
2.823911029,6.881903144,,,AL,120
2.81742354,3.558718861,,,AL,127.5
2.77386469,1.813685078,,,AL,132
2.584800741,6.968641115,,,AL,121
2.577386469,4.981684982,,,AL,132
1.884151993,2.600671141,,,AL,120
1.818350324,7.609594706,,,AL,107
1.658016682,-3.790322581,,,AL,109
1.559777572,3.430877901,,,AL,121
1.500463392,5.534779357,,,AL,120
1.34939759,5.275498242,,,AL,120
1.021316033,6.395348837,,,AL,120
1.018535681,4.897159647,,,AL,144
0.6802595,0.702576112,,,AL,110
0.638554217,4.663212435,,,AL,111
0.518999073,3.340292276,,,AL,120
0.180722892,0.184501845,,,AL,120
9.186283596,9.423769508,,,SC,115.5
8.786839666,6.753390534,,,SC,96
8.03892493,7.204116638,,,SC,89
7.911955514,4.417177914,,,SC,124.5
7.353104727,7.770700637,,,SC,101
6.767377201,5.344202899,,,SC,119
6.541241891,9.104704097,,,SC,102
6.27618165,5.378304467,,,SC,154
6.031510658,6.745670009,,,SC,115.5
5.948100093,8.658008658,,,SC,114
5.819277108,7.051909892,,,SC,115.5
5.230769231,3.464203233,,,SC,122.5
5.080630213,4.653061224,,,SC,115
5.054680259,6.611570248,,,SC,99.5
4.908248378,3.652968037,,,SC,105.5
4.570898981,3.075489282,,,SC,119
4.383688601,17.81472684,,,SC,114
4.34939759,2.453653217,,,SC,100
4.268767377,6.362378976,,,SC,119
4.183503244,9.493670886,,,SC,114
3.870250232,3.463687151,,,SC,138
3.705282669,3.778040142,,,SC,114
3.43373494,0.479386385,,,SC,167
3.293790547,1.956673655,,,SC,109
3.010194625,2.068965517,,,SC,159.5
2.889712697,3.576537911,,,SC,84
2.860982391,0.058892815,,,SC,92.5
2.795180723,5.154639175,,,SC,96
2.443929564,2.053789731,,,SC,176
2.430954588,1.297648013,,,SC,121
2.40407785,2.300884956,,,SC,131.5
2.094531974,6.517168886,,,SC,95
2.076923077,2.921348315,,,SC,109
1.11862836,-9.970384995,,,SC,150.5
0.578313253,3.850641774,,,SC,124.5
0.367006487,-5.452865065,,,SC,124
8.967562558,7.111111111,,,PA,115
8.166821131,4.243542435,,,PA,122.5
7.957367933,4.336224149,,,PA,106.5
7.899907322,1.858172165,,,PA,111
7.612604263,2.370990237,,,PA,98
7.531047266,2.998038666,,,PA,96.5
6.980537535,1.587301587,,,PA,124.5
6.883225209,1.105237866,,,PA,91
6.720111214,2.396259497,,,PA,112.5
6.573679333,4.945598417,,,PA,93
6.258572753,2.256498143,,,PA,125
6.165894347,5.697151424,,,PA,92.5
5.81278962,2.942330326,,,PA,90
5.59592215,1.74691095,,,PA,112
5.568118628,4.515706806,,,PA,129
5.548656163,2.720403023,,,PA,105
5.512511585,2.942361951,,,PA,99.5
5.431881372,-0.733240223,,,PA,115.5
5.379981464,1.271534044,,,PA,115.5
5.256719184,2.825455506,,,PA,144.5
5.22613531,0.672782875,,,PA,109
5.179796108,-1.227436823,,,PA,92.5
5.143651529,1.092597651,,,PA,111.5
4.549582947,0.545423555,,,PA,112
4.544022243,-1.892371378,,,PA,148
4.516218721,-1.269474899,,,PA,91
4.406858202,2.892960463,,,PA,98
4.113994439,1.825789273,,,PA,97
3.788693234,1.354620223,,,PA,112
3.511584801,0.514516722,,,PA,97
3.493975904,-0.496853263,,,PA,117
3.39944393,0.968366688,,,PA,85
3.378127896,-0.522193211,,,PA,127
3.228915663,-2.091152815,,,PA,110
3.101019462,-1.854140915,,,PA,122.5
2.922150139,4.054054054,,,PA,110
2.762743281,3.744493392,,,PA,110
2.590361446,0.162271805,,,PA,123
2.551436515,-0.216138329,,,PA,86
2.465245598,-1.362510322,,,PA,125
2.272474513,0.769769069,,,PA,119.5
2.234476367,-1.616915423,,,PA,111
2.113994439,-2.336448598,,,PA,129.5
2.112140871,1.302325581,,,PA,118.5
2.106580167,0.293255132,,,PA,122.5
1.997219648,0.867947923,,,PA,111
1.820203892,-4.77326969,,,PA,110
1.619091752,2.957486137,,,PA,110
1.550509731,1.342281879,,,PA,122.5
1.520852641,-0.819318672,,,PA,153
1.514365153,1.24003543,,,PA,117
1.494902688,3.534482759,,,PA,111
1.469879518,3.778751369,,,PA,104.5
1.467099166,-0.26560425,,,PA,110
1.254865616,2.390914525,,,PA,98
1.227062095,2.436440678,,,PA,150
1.177015755,2.83171521,,,PA,142
1.142724745,3.295571576,,,PA,120
1.050973123,-1.351351351,,,PA,117
0.997219648,-1.389473684,,,PA,118
0.979610751,-5.930807249,,,PA,148
0.963855422,1.602403605,,,PA,102
0.898980538,-0.568990043,,,PA,111
0.521779425,-2.682926829,,,PA,163
0.440222428,-2.610669694,,,PA,120
0.397590361,2.589641434,,,PA,110
0.232622799,-5.185185185,,,PA,144
0.208526413,-3.159557662,,,PA,148
0.168674699,1.379310345,,,PA,131
0.126042632,1.517450683,,,PA,153
0.122335496,2.366863905,,,PA,122
0.044485635,0,,,PA,109
6.181649676,4.385584021,,,RI,104
5.541241891,3.044397463,,,RI,96
5.114921223,4.769736842,,,RI,104
5.089898054,7.154129406,,,RI,93
4.78313253,2.261948194,,,RI,115
4.486561631,2.471225457,,,RI,176
4.465245598,5.599472991,,,RI,98
4.292863763,0.774550484,,,RI,171
4.237256719,4.133466135,,,RI,104
2.949026877,4.064171123,,,RI,99.5
2.581093605,5.841269841,,,RI,94
2.482854495,4.127829561,,,RI,112.5
2.46339203,6.293706294,,,RI,87
2.002780352,6.610169492,,,RI,111
0.784986098,0.483425414,,,RI,140
0.593141798,2.223675605,,,RI,112
7.444856348,0.765306122,,,WV,137
0.779425394,-0.094384143,,,WV,84.5
,10.96797939,,,NJ,163
,6.557377049,,,NJ,153.5
,5.979166667,,,NJ,164
,5.209003215,,,NJ,175
,4.863329783,,,NJ,156
,4.836759371,,,NJ,168.5
,4.685346808,,,NJ,151
,4.133514458,,,NJ,163
,3.902273498,,,NJ,156
,3.671706263,,,NJ,149
,3.668903803,,,NJ,149
,3.642384106,,,NJ,132.5
,3.554201574,,,NJ,139
,3.427004798,,,NJ,133
,3.419654714,,,NJ,154.5
,3.412073491,,,NJ,139
,3.359086329,,,NJ,145.5
,3.247232472,,,NJ,121
,3.109882516,,,NJ,103
,2.928257687,,,NJ,158
,2.845872077,,,NJ,149
,2.700457,,,NJ,156
,2.598566308,,,NJ,156
,2.59601707,,,NJ,156.5
,2.458728486,,,NJ,149
,2.414045355,,,NJ,134
,2.360446571,,,NJ,160
,2.128623188,,,NJ,156
,1.963093836,,,NJ,156
,1.760345893,,,NJ,148
,1.754385965,,,NJ,137
,1.698450536,,,NJ,149
,1.587301587,,,NJ,150.5
,1.539741989,,,NJ,141
,1.536952256,,,NJ,125
,1.423487544,,,NJ,134
,1.406469761,,,NJ,163
,1.302729529,,,NJ,154
,1.164144354,,,NJ,127
,1.008878128,,,NJ,141
,0.96969697,,,NJ,141
,0.709849157,,,NJ,149
,0.709639267,,,NJ,152.5
,0.698875722,,,NJ,145
,0.598042769,,,NJ,149
,0.577339427,,,NJ,138.5
,0.562796209,,,NJ,156
,0.460154779,,,NJ,149
,0.426540284,,,NJ,128
,0.425230333,,,NJ,150.5
,0.345508391,,,NJ,139
,0.270688322,,,NJ,179
,0.040866367,,,NJ,141
,0,,,NJ,148
,-0.09699321,,,NJ,131
,-0.214132762,,,NJ,173.5
,-0.254403131,,,NJ,149
,-0.289939113,,,NJ,144
,-0.395778364,,,NJ,147
,-0.560652396,,,NJ,153
,-0.632511069,,,NJ,173
,-0.88198236,,,NJ,152.5
,-0.949330893,,,NJ,149
,-0.964066608,,,NJ,143
,-0.988520408,,,NJ,142.5
,-0.993612491,,,NJ,142
,-1.144310235,,,NJ,149
,-1.163692785,,,NJ,138
,-1.23954137,,,NJ,125
,-1.305483029,,,NJ,149
,-1.336898396,,,NJ,146.5
,-1.353429714,,,NJ,169
,-1.864280388,,,NJ,123
,-1.876513317,,,NJ,129
,-2.209660843,,,NJ,139
,-2.314977201,,,NJ,154.5
,-2.328201277,,,NJ,163
,-2.444673186,,,NJ,132
,-3.427065026,,,NJ,182
,-3.511572227,,,NJ,149
,-4.058066645,,,NJ,292
,-4.545454545,,,NJ,167
,-4.548816568,,,NJ,149
,-5.921052632,,,NJ,169
,-6.111951589,,,NJ,133
,-6.117308384,,,NJ,141
,-6.277056277,,,NJ,187
,-7.964954202,,,NJ,161
,-8.341658342,,,NJ,145
,-8.84086444,,,NJ,167
,-10.66974596,,,NJ,214
,-11.10468479,,,NJ,144
,-13.03155007,,,NJ,167.5
,8.898002853,,,NY,166
,6.863622799,,,NY,157
,5.804347826,,,NY,174.5
,5.332615136,,,NY,187
,5.289120307,,,NY,154
,4.588309239,,,NY,172
,3.739837398,,,NY,85
,3.297632469,,,NY,171
,3.231017771,,,NY,107
,2.771141902,,,NY,157
,2.690829215,,,NY,96
,2.426035503,,,NY,93.5
,2.217125382,,,NY,93
,2.033036849,,,NY,148
,1.952983725,,,NY,221
,1.295238095,,,NY,176
,1.289009498,,,NY,102
,1.258992806,,,NY,106
,1.236603462,,,NY,111
,1.159644376,,,NY,111.5
,0.823580407,,,NY,125
,0.421686747,,,NY,93
,0.408719346,,,NY,102
,0.3003003,,,NY,105
,0.279655092,,,NY,173.5
,0.060459492,,,NY,190.5
,-0.248756219,,,NY,145
,-1.153846154,,,NY,125
,-1.203438395,,,NY,169
,-1.41453831,,,NY,109
,-2.186633816,,,NY,200.5
,-2.396878484,,,NY,188
,-3.370786517,,,NY,146
,-4.039167687,,,NY,136
,8.763422238,,,MD,132
,7.541785569,,,MD,116
,4.694621696,,,MD,100.5
,3.5982009,,,MD,107.5
,2.517361111,,,MD,153
,2.373417722,,,MD,116.5
,2.308105207,,,MD,136
,2.298387097,,,MD,112
,2.171998826,,,MD,117.5
,2.149681529,,,MD,100
,2.005347594,,,MD,134
,1.951672862,,,MD,121
,1.769911504,,,MD,118
,1.759259259,,,MD,141
,1.724688598,,,MD,137
,1.721763085,,,MD,99
,1.67724388,,,MD,116.5
,1.633568225,,,MD,119
,1.449275362,,,MD,156
,1.428571429,,,MD,178
,1.056105611,,,MD,110
,1.008760287,,,MD,164
,0.912075885,,,MD,116.5
,0.642398287,,,MD,115
,0.583515682,,,MD,131
,0.557675374,,,MD,123
,0.519480519,,,MD,129
,0.437572929,,,MD,86
,0.367454068,,,MD,145.5
,0.302877335,,,MD,132
,0.249252243,,,MD,167
,0.224340998,,,MD,116.5
,0.21310602,,,MD,144.5
,0.090964221,,,MD,103.5
,0.06576784,,,MD,108
,0.064977258,,,MD,147
,0.035984167,,,MD,164
,-0.057537399,,,MD,135
,-0.082372323,,,MD,111
,-0.111773472,,,MD,124
,-0.24291498,,,MD,168.5
,-0.35596237,,,MD,164
,-0.359311114,,,MD,80
,-0.362154821,,,MD,108.5
,-0.38869258,,,MD,118
,-0.42042042,,,MD,108
,-0.52956752,,,MD,106
,-0.556962025,,,MD,145
,-0.621118012,,,MD,136
,-0.765381219,,,MD,133
,-0.765631646,,,MD,204
,-0.799224994,,,MD,133
,-0.937734434,,,MD,89
,-0.951315053,,,MD,111.5
,-0.979706088,,,MD,178
,-1.009251472,,,MD,122
,-1.085540599,,,MD,99
,-1.090047393,,,MD,164.5
,-1.226826609,,,MD,104.5
,-1.479289941,,,MD,128
,-1.508515815,,,MD,170.5
,-1.647252618,,,MD,113
,-1.647597254,,,MD,145.5
,-1.651571657,,,MD,92
,-1.73599738,,,MD,178
,-1.781059948,,,MD,128
,-2.364755426,,,MD,158
,-2.843083652,,,MD,104
,-3.197461557,,,MD,111
,-4.070981211,,,MD,117
,-4.600141543,,,MD,128
,-6.018518519,,,MD,181
,-6.865284974,,,MD,155
,-17.66381766,,,MD,145.5
,3.169886082,,,DE,136.5
,0.384615385,,,DE,123
,4.627424294,,,CT,124
,4.292343387,,,CT,111
,2.436988817,,,CT,143
,1.899757478,,,CT,122.5
,1.682396389,,,CT,110
,0.771604938,,,CT,109
,0.47758026,,,CT,129
,0.226500566,,,CT,157
,0.210084034,,,CT,137
,0.131348511,,,CT,119.5
,-0.234604106,,,CT,115
,-0.23880597,,,CT,97
,-0.445103858,,,CT,103
,-0.758602005,,,CT,177
,-1.408934708,,,CT,103
,-2.826510721,,,CT,132
,-3.306797306,,,CT,123
,-4.063492063,,,CT,140
,-5.47112462,,,CT,117.5
,9.867674858,,,AL,120
,9.090909091,,,AL,121
,8.823529412,,,AL,120
,7.646263757,,,AL,136
,7.609594706,,,AL,107
,7.277882798,,,AL,121
,7.064364207,,,AL,121
,6.968641115,,,AL,121
,6.881903144,,,AL,120
,6.483036614,,,AL,120
,6.395348837,,,AL,120
,6.375545852,,,AL,120
,5.534779357,,,AL,120
,5.275498242,,,AL,120
,4.981684982,,,AL,132
,4.897159647,,,AL,144
,4.858490566,,,AL,144
,4.663212435,,,AL,111
,3.863522328,,,AL,105.5
,3.558718861,,,AL,127.5
,3.430877901,,,AL,121
,3.340292276,,,AL,120
,3.318152245,,,AL,123.5
,2.972136223,,,AL,90
,2.885006095,,,AL,107.5
,2.839756592,,,AL,105
,2.600671141,,,AL,120
,2.473684211,,,AL,118.5
,1.813685078,,,AL,132
,1.625526791,,,AL,101
,1.126126126,,,AL,133
,0.702576112,,,AL,110
,0.184501845,,,AL,120
,-3.790322581,,,AL,109
,17.81472684,,,SC,114
,9.493670886,,,SC,114
,9.423769508,,,SC,115.5
,9.104704097,,,SC,102
,8.658008658,,,SC,114
,7.770700637,,,SC,101
,7.204116638,,,SC,89
,7.051909892,,,SC,115.5
,6.753390534,,,SC,96
,6.745670009,,,SC,115.5
,6.611570248,,,SC,99.5
,6.517168886,,,SC,95
,6.362378976,,,SC,119
,5.378304467,,,SC,154
,5.344202899,,,SC,119
,5.154639175,,,SC,96
,4.653061224,,,SC,115
,4.417177914,,,SC,124.5
,3.850641774,,,SC,124.5
,3.778040142,,,SC,114
,3.652968037,,,SC,105.5
,3.576537911,,,SC,84
,3.464203233,,,SC,122.5
,3.463687151,,,SC,138
,3.075489282,,,SC,119
,2.921348315,,,SC,109
,2.453653217,,,SC,100
,2.300884956,,,SC,131.5
,2.068965517,,,SC,159.5
,2.053789731,,,SC,176
,1.956673655,,,SC,109
,1.297648013,,,SC,121
,0.479386385,,,SC,167
,0.058892815,,,SC,92.5
,-5.452865065,,,SC,124
,-9.970384995,,,SC,150.5
,7.111111111,,,PA,115
,5.697151424,,,PA,92.5
,4.945598417,,,PA,93
,4.515706806,,,PA,129
,4.336224149,,,PA,106.5
,4.243542435,,,PA,122.5
,4.054054054,,,PA,110
,3.778751369,,,PA,104.5
,3.744493392,,,PA,110
,3.534482759,,,PA,111
,3.295571576,,,PA,120
,2.998038666,,,PA,96.5
,2.957486137,,,PA,110
,2.942361951,,,PA,99.5
,2.942330326,,,PA,90
,2.892960463,,,PA,98
,2.83171521,,,PA,142
,2.825455506,,,PA,144.5
,2.720403023,,,PA,105
,2.589641434,,,PA,110
,2.436440678,,,PA,150
,2.396259497,,,PA,112.5
,2.390914525,,,PA,98
,2.370990237,,,PA,98
,2.366863905,,,PA,122
,2.256498143,,,PA,125
,1.858172165,,,PA,111
,1.825789273,,,PA,97
,1.74691095,,,PA,112
,1.602403605,,,PA,102
,1.587301587,,,PA,124.5
,1.517450683,,,PA,153
,1.379310345,,,PA,131
,1.354620223,,,PA,112
,1.342281879,,,PA,122.5
,1.302325581,,,PA,118.5
,1.271534044,,,PA,115.5
,1.24003543,,,PA,117
,1.105237866,,,PA,91
,1.092597651,,,PA,111.5
,0.968366688,,,PA,85
,0.867947923,,,PA,111
,0.769769069,,,PA,119.5
,0.672782875,,,PA,109
,0.545423555,,,PA,112
,0.514516722,,,PA,97
,0.293255132,,,PA,122.5
,0.162271805,,,PA,123
,0,,,PA,109
,-0.216138329,,,PA,86
,-0.26560425,,,PA,110
,-0.496853263,,,PA,117
,-0.522193211,,,PA,127
,-0.568990043,,,PA,111
,-0.733240223,,,PA,115.5
,-0.819318672,,,PA,153
,-1.227436823,,,PA,92.5
,-1.269474899,,,PA,91
,-1.351351351,,,PA,117
,-1.362510322,,,PA,125
,-1.389473684,,,PA,118
,-1.616915423,,,PA,111
,-1.854140915,,,PA,122.5
,-1.892371378,,,PA,148
,-2.091152815,,,PA,110
,-2.336448598,,,PA,129.5
,-2.610669694,,,PA,120
,-2.682926829,,,PA,163
,-3.159557662,,,PA,148
,-4.77326969,,,PA,110
,-5.185185185,,,PA,144
,-5.930807249,,,PA,148
,7.154129406,,,RI,93
,6.610169492,,,RI,111
,6.293706294,,,RI,87
,5.841269841,,,RI,94
,5.599472991,,,RI,98
,4.769736842,,,RI,104
,4.385584021,,,RI,104
,4.133466135,,,RI,104
,4.127829561,,,RI,112.5
,4.064171123,,,RI,99.5
,3.044397463,,,RI,96
,2.471225457,,,RI,176
,2.261948194,,,RI,115
,2.223675605,,,RI,112
,0.774550484,,,RI,171
,0.483425414,,,RI,140
,0.765306122,,,WV,137
,-0.094384143,,,WV,84.5
