userName,conditionId,testId,titer,userResult
A10HQR5CL7D55V,0,0,0.50,0
A10HQR5CL7D55V,0,2,0.75,1
A10HQR5CL7D55V,0,3,0.65,0
A10HQR5CL7D55V,0,1,0.75,0
A10HQR5CL7D55V,0,5,0.65,1
A10HQR5CL7D55V,0,6,0.55,0
A10HQR5CL7D55V,0,7,0.75,0
A10HQR5CL7D55V,0,8,0.75,1
A10HQR5CL7D55V,0,9,0.65,1
A10HQR5CL7D55V,0,10,0.55,0
A10HQR5CL7D55V,0,11,0.75,1
A10HQR5CL7D55V,0,12,0.65,1
A10HQR5CL7D55V,0,13,0.55,1
A10HQR5CL7D55V,0,14,0.45,0
A10HQR5CL7D55V,0,15,0.75,0
A10HQR5CL7D55V,0,16,0.75,0
A10HQR5CL7D55V,0,17,0.75,1
A10HQR5CL7D55V,0,18,0.65,0
A10HQR5CL7D55V,0,19,0.75,0
A10HQR5CL7D55V,1,0,0.50,0
A10HQR5CL7D55V,1,1,0.75,0
A10HQR5CL7D55V,1,2,0.75,1
A10HQR5CL7D55V,1,3,0.65,0
A10HQR5CL7D55V,1,4,0.75,0
A10HQR5CL7D55V,1,5,0.75,0
A10HQR5CL7D55V,1,6,0.75,0
A10HQR5CL7D55V,1,7,0.75,0
A10HQR5CL7D55V,1,8,0.75,0
A10HQR5CL7D55V,1,9,0.75,0
A10HQR5CL7D55V,1,10,0.75,1
A10HQR5CL7D55V,1,11,0.65,1
A10HQR5CL7D55V,1,12,0.55,1
A10HQR5CL7D55V,1,13,0.45,0
A10HQR5CL7D55V,1,14,0.75,1
A10HQR5CL7D55V,1,15,0.65,0
A10HQR5CL7D55V,1,16,0.75,0
A10HQR5CL7D55V,1,17,0.75,1
A10HQR5CL7D55V,1,18,0.65,1
A10HQR5CL7D55V,1,19,0.55,0
A10HQR5CL7D55V,2,0,0.50,0
A10HQR5CL7D55V,2,1,0.75,0
A10HQR5CL7D55V,2,2,0.75,1
A10HQR5CL7D55V,2,3,0.65,1
A10HQR5CL7D55V,2,4,0.55,1
A10HQR5CL7D55V,2,5,0.45,1
A10HQR5CL7D55V,2,6,0.35,1
A10HQR5CL7D55V,2,7,0.25,1
A10HQR5CL7D55V,2,8,0.15,0
A10HQR5CL7D55V,2,9,0.45,1
A10HQR5CL7D55V,2,10,0.35,0
A10HQR5CL7D55V,2,11,0.65,1
A10HQR5CL7D55V,2,12,0.55,1
A10HQR5CL7D55V,2,13,0.45,0
A10HQR5CL7D55V,2,14,0.75,1
A10HQR5CL7D55V,2,15,0.65,1
A10HQR5CL7D55V,2,16,0.55,1
A10HQR5CL7D55V,2,17,0.45,0
A10HQR5CL7D55V,2,18,0.75,1
A10HQR5CL7D55V,2,19,0.65,1
A10HQR5CL7D55V,3,0,0.50,1
A10HQR5CL7D55V,3,1,0.40,1
A10HQR5CL7D55V,3,2,0.30,1
A10HQR5CL7D55V,3,3,0.20,0
A10HQR5CL7D55V,3,4,0.50,1
A10HQR5CL7D55V,3,5,0.40,1
A10HQR5CL7D55V,3,6,0.30,1
A10HQR5CL7D55V,3,7,0.20,1
A10HQR5CL7D55V,3,8,0.10,0
A10HQR5CL7D55V,3,9,0.40,1
A10HQR5CL7D55V,3,10,0.30,1
A10HQR5CL7D55V,3,11,0.20,1
A10HQR5CL7D55V,3,12,0.10,0
A10HQR5CL7D55V,3,13,0.40,1
A10HQR5CL7D55V,3,14,0.30,1
A10HQR5CL7D55V,3,15,0.20,1
A10HQR5CL7D55V,3,16,0.10,1
A10HQR5CL7D55V,3,17,0.10,1
A10HQR5CL7D55V,3,18,0.10,1
A10HQR5CL7D55V,3,19,0.10,1
A10HQR5CL7D55V,4,0,0.50,0
A10HQR5CL7D55V,4,1,0.75,0
A10HQR5CL7D55V,4,2,0.75,0
A10HQR5CL7D55V,4,3,0.75,1
A10HQR5CL7D55V,4,4,0.65,0
A10HQR5CL7D55V,4,5,0.75,0
A10HQR5CL7D55V,4,6,0.75,0
A10HQR5CL7D55V,4,7,0.75,0
A10HQR5CL7D55V,4,8,0.75,1
A10HQR5CL7D55V,4,9,0.65,0
A10HQR5CL7D55V,4,10,0.75,1
A10HQR5CL7D55V,4,11,0.65,0
A10HQR5CL7D55V,4,12,0.75,1
A10HQR5CL7D55V,4,13,0.65,1
A10HQR5CL7D55V,4,14,0.55,1
A10HQR5CL7D55V,4,15,0.45,0
A10HQR5CL7D55V,4,16,0.75,0
A10HQR5CL7D55V,4,17,0.75,0
A10HQR5CL7D55V,4,18,0.75,0
A10HQR5CL7D55V,4,19,0.75,1
A10HQR5CL7D55V,5,0,0.50,0
A10HQR5CL7D55V,5,1,0.75,1
A10HQR5CL7D55V,5,2,0.65,1
A10HQR5CL7D55V,5,3,0.55,1
A10HQR5CL7D55V,5,4,0.45,1
A10HQR5CL7D55V,0,4,0.75,1
A10HQR5CL7D55V,5,5,0.35,1
A10HQR5CL7D55V,5,6,0.25,1
A10HQR5CL7D55V,5,7,0.15,1
A10HQR5CL7D55V,5,8,0.10,1
A10HQR5CL7D55V,5,9,0.10,1
A10HQR5CL7D55V,5,10,0.10,1
A10HQR5CL7D55V,5,11,0.10,1
A10HQR5CL7D55V,5,12,0.10,1
A10HQR5CL7D55V,5,13,0.10,1
A10HQR5CL7D55V,5,14,0.10,1
A10HQR5CL7D55V,5,15,0.10,1
A10HQR5CL7D55V,5,16,0.10,1
A10HQR5CL7D55V,5,17,0.10,1
A10HQR5CL7D55V,5,18,0.10,1
A10HQR5CL7D55V,5,19,0.10,1
